mode: atomic
github.com/hahaclassic/orpheon/backend/internal/adapters/audio-converter/audio-converter.go:11.28,13.2 1 0
github.com/hahaclassic/orpheon/backend/internal/adapters/audio-converter/audio-converter.go:15.114,17.2 1 0
github.com/hahaclassic/orpheon/backend/internal/adapters/event-bus/in-memory/in-memory.go:15.56,19.2 1 0
github.com/hahaclassic/orpheon/backend/internal/adapters/event-bus/in-memory/in-memory.go:21.93,27.2 4 0
github.com/hahaclassic/orpheon/backend/internal/adapters/event-bus/in-memory/in-memory.go:29.75,33.37 3 0
github.com/hahaclassic/orpheon/backend/internal/adapters/event-bus/in-memory/in-memory.go:33.37,34.45 1 0
github.com/hahaclassic/orpheon/backend/internal/adapters/event-bus/in-memory/in-memory.go:34.45,36.4 1 0
github.com/hahaclassic/orpheon/backend/internal/adapters/event-bus/in-memory/in-memory.go:39.2,39.12 1 0
github.com/hahaclassic/orpheon/backend/internal/adapters/event-bus/kafka/kafka.go:27.72,43.2 1 0
github.com/hahaclassic/orpheon/backend/internal/adapters/event-bus/kafka/kafka.go:45.90,47.16 2 0
github.com/hahaclassic/orpheon/backend/internal/adapters/event-bus/kafka/kafka.go:47.16,49.3 1 0
github.com/hahaclassic/orpheon/backend/internal/adapters/event-bus/kafka/kafka.go:51.2,56.57 2 0
github.com/hahaclassic/orpheon/backend/internal/adapters/event-bus/kafka/kafka.go:56.57,58.3 1 0
github.com/hahaclassic/orpheon/backend/internal/adapters/event-bus/kafka/kafka.go:60.2,60.12 1 0
github.com/hahaclassic/orpheon/backend/internal/adapters/event-bus/kafka/kafka.go:63.133,64.6 1 0
github.com/hahaclassic/orpheon/backend/internal/adapters/event-bus/kafka/kafka.go:64.6,65.10 1 0
github.com/hahaclassic/orpheon/backend/internal/adapters/event-bus/kafka/kafka.go:66.21,67.20 1 0
github.com/hahaclassic/orpheon/backend/internal/adapters/event-bus/kafka/kafka.go:68.11,70.18 2 0
github.com/hahaclassic/orpheon/backend/internal/adapters/event-bus/kafka/kafka.go:70.18,71.85 1 0
github.com/hahaclassic/orpheon/backend/internal/adapters/event-bus/kafka/kafka.go:71.85,73.6 1 0
github.com/hahaclassic/orpheon/backend/internal/adapters/event-bus/kafka/kafka.go:74.5,74.48 1 0
github.com/hahaclassic/orpheon/backend/internal/adapters/event-bus/kafka/kafka.go:77.4,78.57 2 0
github.com/hahaclassic/orpheon/backend/internal/adapters/event-bus/kafka/kafka.go:78.57,80.13 2 0
github.com/hahaclassic/orpheon/backend/internal/adapters/event-bus/kafka/kafka.go:83.4,83.46 1 0
github.com/hahaclassic/orpheon/backend/internal/adapters/event-bus/kafka/kafka.go:83.46,85.13 2 0
github.com/hahaclassic/orpheon/backend/internal/adapters/event-bus/kafka/kafka.go:91.39,92.41 1 0
github.com/hahaclassic/orpheon/backend/internal/adapters/event-bus/kafka/kafka.go:92.41,94.3 1 0
github.com/hahaclassic/orpheon/backend/internal/adapters/event-bus/kafka/kafka.go:95.2,95.25 1 0
github.com/hahaclassic/orpheon/backend/internal/app/app.go:88.31,95.16 5 0
github.com/hahaclassic/orpheon/backend/internal/app/app.go:95.16,98.3 2 0
github.com/hahaclassic/orpheon/backend/internal/app/app.go:99.2,102.16 3 0
github.com/hahaclassic/orpheon/backend/internal/app/app.go:102.16,105.3 2 0
github.com/hahaclassic/orpheon/backend/internal/app/app.go:108.2,126.16 18 0
github.com/hahaclassic/orpheon/backend/internal/app/app.go:126.16,129.3 2 0
github.com/hahaclassic/orpheon/backend/internal/app/app.go:131.2,132.16 2 0
github.com/hahaclassic/orpheon/backend/internal/app/app.go:132.16,135.3 2 0
github.com/hahaclassic/orpheon/backend/internal/app/app.go:137.2,138.16 2 0
github.com/hahaclassic/orpheon/backend/internal/app/app.go:138.16,141.3 2 0
github.com/hahaclassic/orpheon/backend/internal/app/app.go:143.2,144.16 2 0
github.com/hahaclassic/orpheon/backend/internal/app/app.go:144.16,147.3 2 0
github.com/hahaclassic/orpheon/backend/internal/app/app.go:149.2,151.16 3 0
github.com/hahaclassic/orpheon/backend/internal/app/app.go:151.16,154.3 2 0
github.com/hahaclassic/orpheon/backend/internal/app/app.go:155.2,289.12 64 0
github.com/hahaclassic/orpheon/backend/internal/app/app.go:289.12,291.77 2 0
github.com/hahaclassic/orpheon/backend/internal/app/app.go:291.77,293.4 1 0
github.com/hahaclassic/orpheon/backend/internal/app/app.go:296.2,302.50 5 0
github.com/hahaclassic/orpheon/backend/internal/app/app.go:302.50,304.3 1 0
github.com/hahaclassic/orpheon/backend/internal/app/app.go:304.8,306.3 1 0
github.com/hahaclassic/orpheon/backend/internal/cli/cli.go:77.31,85.16 6 0
github.com/hahaclassic/orpheon/backend/internal/cli/cli.go:85.16,88.3 2 0
github.com/hahaclassic/orpheon/backend/internal/cli/cli.go:89.2,92.16 3 0
github.com/hahaclassic/orpheon/backend/internal/cli/cli.go:92.16,95.3 2 0
github.com/hahaclassic/orpheon/backend/internal/cli/cli.go:98.2,115.16 17 0
github.com/hahaclassic/orpheon/backend/internal/cli/cli.go:115.16,118.3 2 0
github.com/hahaclassic/orpheon/backend/internal/cli/cli.go:120.2,121.16 2 0
github.com/hahaclassic/orpheon/backend/internal/cli/cli.go:121.16,124.3 2 0
github.com/hahaclassic/orpheon/backend/internal/cli/cli.go:126.2,127.16 2 0
github.com/hahaclassic/orpheon/backend/internal/cli/cli.go:127.16,130.3 2 0
github.com/hahaclassic/orpheon/backend/internal/cli/cli.go:132.2,133.16 2 0
github.com/hahaclassic/orpheon/backend/internal/cli/cli.go:133.16,136.3 2 0
github.com/hahaclassic/orpheon/backend/internal/cli/cli.go:138.2,140.16 3 0
github.com/hahaclassic/orpheon/backend/internal/cli/cli.go:140.16,143.3 2 0
github.com/hahaclassic/orpheon/backend/internal/cli/cli.go:144.2,251.57 76 0
github.com/hahaclassic/orpheon/backend/internal/cli/cli.go:251.57,253.17 2 0
github.com/hahaclassic/orpheon/backend/internal/cli/cli.go:253.17,255.4 1 0
github.com/hahaclassic/orpheon/backend/internal/cli/cli.go:258.2,258.12 1 0
github.com/hahaclassic/orpheon/backend/internal/cli/cli.go:258.12,261.3 2 0
github.com/hahaclassic/orpheon/backend/internal/cli/cli.go:263.2,264.34 2 0
github.com/hahaclassic/orpheon/backend/internal/controller/cli/api/content/album/cover.go:21.95,25.2 1 0
github.com/hahaclassic/orpheon/backend/internal/controller/cli/api/content/album/cover.go:27.65,42.2 1 0
github.com/hahaclassic/orpheon/backend/internal/controller/cli/api/content/album/cover.go:44.68,51.16 6 0
github.com/hahaclassic/orpheon/backend/internal/controller/cli/api/content/album/cover.go:51.16,53.3 1 0
github.com/hahaclassic/orpheon/backend/internal/controller/cli/api/content/album/cover.go:55.2,60.16 5 0
github.com/hahaclassic/orpheon/backend/internal/controller/cli/api/content/album/cover.go:60.16,62.3 1 0
github.com/hahaclassic/orpheon/backend/internal/controller/cli/api/content/album/cover.go:64.2,65.16 2 0
github.com/hahaclassic/orpheon/backend/internal/controller/cli/api/content/album/cover.go:65.16,67.3 1 0
github.com/hahaclassic/orpheon/backend/internal/controller/cli/api/content/album/cover.go:69.2,70.12 2 0
github.com/hahaclassic/orpheon/backend/internal/controller/cli/api/content/album/cover.go:73.71,80.16 6 0
github.com/hahaclassic/orpheon/backend/internal/controller/cli/api/content/album/cover.go:80.16,82.3 1 0
github.com/hahaclassic/orpheon/backend/internal/controller/cli/api/content/album/cover.go:84.2,89.16 5 0
github.com/hahaclassic/orpheon/backend/internal/controller/cli/api/content/album/cover.go:89.16,91.3 1 0
github.com/hahaclassic/orpheon/backend/internal/controller/cli/api/content/album/cover.go:92.2,95.16 3 0
github.com/hahaclassic/orpheon/backend/internal/controller/cli/api/content/album/cover.go:95.16,97.3 1 0
github.com/hahaclassic/orpheon/backend/internal/controller/cli/api/content/album/cover.go:99.2,105.16 3 0
github.com/hahaclassic/orpheon/backend/internal/controller/cli/api/content/album/cover.go:105.16,107.3 1 0
github.com/hahaclassic/orpheon/backend/internal/controller/cli/api/content/album/cover.go:109.2,110.12 2 0
github.com/hahaclassic/orpheon/backend/internal/controller/cli/api/content/album/cover.go:113.71,120.16 6 0
github.com/hahaclassic/orpheon/backend/internal/controller/cli/api/content/album/cover.go:120.16,122.3 1 0
github.com/hahaclassic/orpheon/backend/internal/controller/cli/api/content/album/cover.go:124.2,125.16 2 0
github.com/hahaclassic/orpheon/backend/internal/controller/cli/api/content/album/cover.go:125.16,127.3 1 0
github.com/hahaclassic/orpheon/backend/internal/controller/cli/api/content/album/cover.go:129.2,130.12 2 0
github.com/hahaclassic/orpheon/backend/internal/controller/cli/api/content/album/meta.go:23.138,28.2 1 0
github.com/hahaclassic/orpheon/backend/internal/controller/cli/api/content/album/meta.go:30.64,53.2 1 0
github.com/hahaclassic/orpheon/backend/internal/controller/cli/api/content/album/meta.go:55.70,70.16 12 0
github.com/hahaclassic/orpheon/backend/internal/controller/cli/api/content/album/meta.go:70.16,72.3 1 0
github.com/hahaclassic/orpheon/backend/internal/controller/cli/api/content/album/meta.go:74.2,78.16 5 0
github.com/hahaclassic/orpheon/backend/internal/controller/cli/api/content/album/meta.go:78.16,80.3 1 0
github.com/hahaclassic/orpheon/backend/internal/controller/cli/api/content/album/meta.go:82.2,90.16 3 0
github.com/hahaclassic/orpheon/backend/internal/controller/cli/api/content/album/meta.go:90.16,92.3 1 0
github.com/hahaclassic/orpheon/backend/internal/controller/cli/api/content/album/meta.go:94.2,95.12 2 0
github.com/hahaclassic/orpheon/backend/internal/controller/cli/api/content/album/meta.go:98.71,102.41 3 0
github.com/hahaclassic/orpheon/backend/internal/controller/cli/api/content/album/meta.go:102.41,104.3 1 0
github.com/hahaclassic/orpheon/backend/internal/controller/cli/api/content/album/meta.go:106.2,107.16 2 0
github.com/hahaclassic/orpheon/backend/internal/controller/cli/api/content/album/meta.go:107.16,109.3 1 0
github.com/hahaclassic/orpheon/backend/internal/controller/cli/api/content/album/meta.go:111.2,112.16 2 0
github.com/hahaclassic/orpheon/backend/internal/controller/cli/api/content/album/meta.go:112.16,114.3 1 0
github.com/hahaclassic/orpheon/backend/internal/controller/cli/api/content/album/meta.go:116.2,117.12 2 0
github.com/hahaclassic/orpheon/backend/internal/controller/cli/api/content/album/meta.go:120.71,122.16 2 0
github.com/hahaclassic/orpheon/backend/internal/controller/cli/api/content/album/meta.go:122.16,124.3 1 0
github.com/hahaclassic/orpheon/backend/internal/controller/cli/api/content/album/meta.go:126.2,127.12 2 0
github.com/hahaclassic/orpheon/backend/internal/controller/cli/api/content/album/tracks.go:19.95,21.2 1 0
github.com/hahaclassic/orpheon/backend/internal/controller/cli/api/content/album/tracks.go:23.65,30.2 1 0
github.com/hahaclassic/orpheon/backend/internal/controller/cli/api/content/album/tracks.go:32.72,39.16 6 0
github.com/hahaclassic/orpheon/backend/internal/controller/cli/api/content/album/tracks.go:39.16,41.3 1 0
github.com/hahaclassic/orpheon/backend/internal/controller/cli/api/content/album/tracks.go:43.2,44.16 2 0
github.com/hahaclassic/orpheon/backend/internal/controller/cli/api/content/album/tracks.go:44.16,46.3 1 0
github.com/hahaclassic/orpheon/backend/internal/controller/cli/api/content/album/tracks.go:48.2,50.12 2 0
github.com/hahaclassic/orpheon/backend/internal/config/config.go:94.42,95.17 1 0
github.com/hahaclassic/orpheon/backend/internal/config/config.go:95.17,98.62 3 0
github.com/hahaclassic/orpheon/backend/internal/config/config.go:98.62,100.4 1 0
github.com/hahaclassic/orpheon/backend/internal/config/config.go:102.2,102.12 1 0
github.com/hahaclassic/orpheon/backend/internal/controller/cli/api/auth/auth.go:19.73,23.2 2 0
github.com/hahaclassic/orpheon/backend/internal/controller/cli/api/auth/auth.go:25.59,48.2 1 0
github.com/hahaclassic/orpheon/backend/internal/controller/cli/api/auth/auth.go:50.59,67.16 10 0
github.com/hahaclassic/orpheon/backend/internal/controller/cli/api/auth/auth.go:67.16,69.3 1 0
github.com/hahaclassic/orpheon/backend/internal/controller/cli/api/auth/auth.go:71.2,72.16 2 0
github.com/hahaclassic/orpheon/backend/internal/controller/cli/api/auth/auth.go:72.16,74.3 1 0
github.com/hahaclassic/orpheon/backend/internal/controller/cli/api/auth/auth.go:76.2,80.12 3 0
github.com/hahaclassic/orpheon/backend/internal/controller/cli/api/auth/auth.go:83.62,100.16 10 0
github.com/hahaclassic/orpheon/backend/internal/controller/cli/api/auth/auth.go:100.16,102.3 1 0
github.com/hahaclassic/orpheon/backend/internal/controller/cli/api/auth/auth.go:104.2,105.16 2 0
github.com/hahaclassic/orpheon/backend/internal/controller/cli/api/auth/auth.go:105.16,107.3 1 0
github.com/hahaclassic/orpheon/backend/internal/controller/cli/api/auth/auth.go:109.2,113.12 3 0
github.com/hahaclassic/orpheon/backend/internal/controller/cli/api/auth/auth.go:116.68,117.32 1 0
github.com/hahaclassic/orpheon/backend/internal/controller/cli/api/auth/auth.go:117.32,120.3 2 0
github.com/hahaclassic/orpheon/backend/internal/controller/cli/api/auth/auth.go:122.2,136.39 11 0
github.com/hahaclassic/orpheon/backend/internal/controller/cli/api/auth/auth.go:136.39,138.3 1 0
github.com/hahaclassic/orpheon/backend/internal/controller/cli/api/auth/auth.go:140.2,148.16 4 0
github.com/hahaclassic/orpheon/backend/internal/controller/cli/api/auth/auth.go:148.16,150.3 1 0
github.com/hahaclassic/orpheon/backend/internal/controller/cli/api/auth/auth.go:152.2,154.12 2 0
github.com/hahaclassic/orpheon/backend/internal/controller/cli/api/auth/auth.go:157.60,159.16 2 0
github.com/hahaclassic/orpheon/backend/internal/controller/cli/api/auth/auth.go:159.16,161.3 1 0
github.com/hahaclassic/orpheon/backend/internal/controller/cli/api/auth/auth.go:163.2,167.12 3 0
github.com/hahaclassic/orpheon/backend/internal/controller/cli/api/auth/auth.go:170.66,172.16 2 0
github.com/hahaclassic/orpheon/backend/internal/controller/cli/api/auth/auth.go:172.16,174.3 1 0
github.com/hahaclassic/orpheon/backend/internal/controller/cli/api/auth/auth.go:176.2,177.16 2 0
github.com/hahaclassic/orpheon/backend/internal/controller/cli/api/auth/auth.go:177.16,179.3 1 0
github.com/hahaclassic/orpheon/backend/internal/controller/cli/api/auth/auth.go:181.2,185.12 3 0
github.com/hahaclassic/orpheon/backend/internal/controller/cli/api/content/artist/assign.go:20.104,24.2 1 0
github.com/hahaclassic/orpheon/backend/internal/controller/cli/api/content/artist/assign.go:26.73,41.2 1 0
github.com/hahaclassic/orpheon/backend/internal/controller/cli/api/content/artist/assign.go:43.73,58.2 1 0
github.com/hahaclassic/orpheon/backend/internal/controller/cli/api/content/artist/assign.go:60.70,67.16 6 0
github.com/hahaclassic/orpheon/backend/internal/controller/cli/api/content/artist/assign.go:67.16,69.3 1 0
github.com/hahaclassic/orpheon/backend/internal/controller/cli/api/content/artist/assign.go:71.2,75.16 5 0
github.com/hahaclassic/orpheon/backend/internal/controller/cli/api/content/artist/assign.go:75.16,77.3 1 0
github.com/hahaclassic/orpheon/backend/internal/controller/cli/api/content/artist/assign.go:79.2,80.16 2 0
github.com/hahaclassic/orpheon/backend/internal/controller/cli/api/content/artist/assign.go:80.16,82.3 1 0
github.com/hahaclassic/orpheon/backend/internal/controller/cli/api/content/artist/assign.go:84.2,85.12 2 0
github.com/hahaclassic/orpheon/backend/internal/controller/cli/api/content/artist/assign.go:88.77,95.16 6 0
github.com/hahaclassic/orpheon/backend/internal/controller/cli/api/content/artist/assign.go:95.16,97.3 1 0
github.com/hahaclassic/orpheon/backend/internal/controller/cli/api/content/artist/assign.go:99.2,100.16 2 0
github.com/hahaclassic/orpheon/backend/internal/controller/cli/api/content/artist/assign.go:100.16,102.3 1 0
github.com/hahaclassic/orpheon/backend/internal/controller/cli/api/content/artist/assign.go:104.2,105.12 2 0
github.com/hahaclassic/orpheon/backend/internal/controller/cli/api/content/artist/assign.go:108.77,115.16 6 0
github.com/hahaclassic/orpheon/backend/internal/controller/cli/api/content/artist/assign.go:115.16,117.3 1 0
github.com/hahaclassic/orpheon/backend/internal/controller/cli/api/content/artist/assign.go:119.2,120.16 2 0
github.com/hahaclassic/orpheon/backend/internal/controller/cli/api/content/artist/assign.go:120.16,122.3 1 0
github.com/hahaclassic/orpheon/backend/internal/controller/cli/api/content/artist/assign.go:124.2,125.12 2 0
github.com/hahaclassic/orpheon/backend/internal/controller/cli/api/content/artist/assign.go:128.70,135.16 6 0
github.com/hahaclassic/orpheon/backend/internal/controller/cli/api/content/artist/assign.go:135.16,137.3 1 0
github.com/hahaclassic/orpheon/backend/internal/controller/cli/api/content/artist/assign.go:139.2,143.16 5 0
github.com/hahaclassic/orpheon/backend/internal/controller/cli/api/content/artist/assign.go:143.16,145.3 1 0
github.com/hahaclassic/orpheon/backend/internal/controller/cli/api/content/artist/assign.go:147.2,148.16 2 0
github.com/hahaclassic/orpheon/backend/internal/controller/cli/api/content/artist/assign.go:148.16,150.3 1 0
github.com/hahaclassic/orpheon/backend/internal/controller/cli/api/content/artist/assign.go:152.2,153.12 2 0
github.com/hahaclassic/orpheon/backend/internal/controller/cli/api/content/artist/assign.go:156.73,163.16 6 0
github.com/hahaclassic/orpheon/backend/internal/controller/cli/api/content/artist/assign.go:163.16,165.3 1 0
github.com/hahaclassic/orpheon/backend/internal/controller/cli/api/content/artist/assign.go:167.2,171.16 5 0
github.com/hahaclassic/orpheon/backend/internal/controller/cli/api/content/artist/assign.go:171.16,173.3 1 0
github.com/hahaclassic/orpheon/backend/internal/controller/cli/api/content/artist/assign.go:175.2,176.16 2 0
github.com/hahaclassic/orpheon/backend/internal/controller/cli/api/content/artist/assign.go:176.16,178.3 1 0
github.com/hahaclassic/orpheon/backend/internal/controller/cli/api/content/artist/assign.go:180.2,181.12 2 0
github.com/hahaclassic/orpheon/backend/internal/controller/cli/api/content/artist/assign.go:184.73,191.16 6 0
github.com/hahaclassic/orpheon/backend/internal/controller/cli/api/content/artist/assign.go:191.16,193.3 1 0
github.com/hahaclassic/orpheon/backend/internal/controller/cli/api/content/artist/assign.go:195.2,199.16 5 0
github.com/hahaclassic/orpheon/backend/internal/controller/cli/api/content/artist/assign.go:199.16,201.3 1 0
github.com/hahaclassic/orpheon/backend/internal/controller/cli/api/content/artist/assign.go:203.2,204.16 2 0
github.com/hahaclassic/orpheon/backend/internal/controller/cli/api/content/artist/assign.go:204.16,206.3 1 0
github.com/hahaclassic/orpheon/backend/internal/controller/cli/api/content/artist/assign.go:208.2,209.12 2 0
github.com/hahaclassic/orpheon/backend/internal/controller/cli/api/content/artist/avatar.go:21.104,25.2 1 0
github.com/hahaclassic/orpheon/backend/internal/controller/cli/api/content/artist/avatar.go:27.67,42.2 1 0
github.com/hahaclassic/orpheon/backend/internal/controller/cli/api/content/artist/avatar.go:44.74,51.16 6 0
github.com/hahaclassic/orpheon/backend/internal/controller/cli/api/content/artist/avatar.go:51.16,53.3 1 0
github.com/hahaclassic/orpheon/backend/internal/controller/cli/api/content/artist/avatar.go:55.2,60.16 5 0
github.com/hahaclassic/orpheon/backend/internal/controller/cli/api/content/artist/avatar.go:60.16,62.3 1 0
github.com/hahaclassic/orpheon/backend/internal/controller/cli/api/content/artist/avatar.go:63.2,66.16 3 0
github.com/hahaclassic/orpheon/backend/internal/controller/cli/api/content/artist/avatar.go:66.16,68.3 1 0
github.com/hahaclassic/orpheon/backend/internal/controller/cli/api/content/artist/avatar.go:70.2,76.16 3 0
github.com/hahaclassic/orpheon/backend/internal/controller/cli/api/content/artist/avatar.go:76.16,78.3 1 0
github.com/hahaclassic/orpheon/backend/internal/controller/cli/api/content/artist/avatar.go:80.2,81.12 2 0
github.com/hahaclassic/orpheon/backend/internal/controller/cli/api/content/artist/avatar.go:84.71,91.16 6 0
github.com/hahaclassic/orpheon/backend/internal/controller/cli/api/content/artist/avatar.go:91.16,93.3 1 0
github.com/hahaclassic/orpheon/backend/internal/controller/cli/api/content/artist/avatar.go:95.2,100.16 5 0
github.com/hahaclassic/orpheon/backend/internal/controller/cli/api/content/artist/avatar.go:100.16,102.3 1 0
github.com/hahaclassic/orpheon/backend/internal/controller/cli/api/content/artist/avatar.go:103.2,106.16 3 0
github.com/hahaclassic/orpheon/backend/internal/controller/cli/api/content/artist/avatar.go:106.16,108.3 1 0
github.com/hahaclassic/orpheon/backend/internal/controller/cli/api/content/artist/avatar.go:110.2,111.16 2 0
github.com/hahaclassic/orpheon/backend/internal/controller/cli/api/content/artist/avatar.go:111.16,113.3 1 0
github.com/hahaclassic/orpheon/backend/internal/controller/cli/api/content/artist/avatar.go:115.2,116.12 2 0
github.com/hahaclassic/orpheon/backend/internal/controller/cli/api/content/artist/avatar.go:119.74,126.16 6 0
github.com/hahaclassic/orpheon/backend/internal/controller/cli/api/content/artist/avatar.go:126.16,128.3 1 0
github.com/hahaclassic/orpheon/backend/internal/controller/cli/api/content/artist/avatar.go:130.2,131.16 2 0
github.com/hahaclassic/orpheon/backend/internal/controller/cli/api/content/artist/avatar.go:131.16,133.3 1 0
github.com/hahaclassic/orpheon/backend/internal/controller/cli/api/content/artist/avatar.go:135.2,136.12 2 0
github.com/hahaclassic/orpheon/backend/internal/controller/cli/api/content/artist/meta.go:21.93,25.2 1 0
github.com/hahaclassic/orpheon/backend/internal/controller/cli/api/content/artist/meta.go:27.65,50.2 1 0
github.com/hahaclassic/orpheon/backend/internal/controller/cli/api/content/artist/meta.go:52.76,76.16 14 0
github.com/hahaclassic/orpheon/backend/internal/controller/cli/api/content/artist/meta.go:76.16,78.3 1 0
github.com/hahaclassic/orpheon/backend/internal/controller/cli/api/content/artist/meta.go:80.2,81.12 2 0
github.com/hahaclassic/orpheon/backend/internal/controller/cli/api/content/artist/meta.go:84.77,88.41 3 0
github.com/hahaclassic/orpheon/backend/internal/controller/cli/api/content/artist/meta.go:88.41,90.3 1 0
github.com/hahaclassic/orpheon/backend/internal/controller/cli/api/content/artist/meta.go:92.2,93.16 2 0
github.com/hahaclassic/orpheon/backend/internal/controller/cli/api/content/artist/meta.go:93.16,95.3 1 0
github.com/hahaclassic/orpheon/backend/internal/controller/cli/api/content/artist/meta.go:97.2,98.16 2 0
github.com/hahaclassic/orpheon/backend/internal/controller/cli/api/content/artist/meta.go:98.16,100.3 1 0
github.com/hahaclassic/orpheon/backend/internal/controller/cli/api/content/artist/meta.go:102.2,103.12 2 0
github.com/hahaclassic/orpheon/backend/internal/controller/cli/api/content/artist/meta.go:106.76,108.16 2 0
github.com/hahaclassic/orpheon/backend/internal/controller/cli/api/content/artist/meta.go:108.16,110.3 1 0
github.com/hahaclassic/orpheon/backend/internal/controller/cli/api/content/artist/meta.go:112.2,114.12 2 0
github.com/hahaclassic/orpheon/backend/internal/controller/cli/api/content/artist/meta.go:117.76,133.16 12 0
github.com/hahaclassic/orpheon/backend/internal/controller/cli/api/content/artist/meta.go:133.16,135.3 1 0
github.com/hahaclassic/orpheon/backend/internal/controller/cli/api/content/artist/meta.go:137.2,146.16 4 0
github.com/hahaclassic/orpheon/backend/internal/controller/cli/api/content/artist/meta.go:146.16,148.3 1 0
github.com/hahaclassic/orpheon/backend/internal/controller/cli/api/content/artist/meta.go:150.2,151.12 2 0
github.com/hahaclassic/orpheon/backend/internal/controller/cli/api/content/artist/meta.go:154.76,158.41 3 0
github.com/hahaclassic/orpheon/backend/internal/controller/cli/api/content/artist/meta.go:158.41,160.3 1 0
github.com/hahaclassic/orpheon/backend/internal/controller/cli/api/content/artist/meta.go:162.2,163.16 2 0
github.com/hahaclassic/orpheon/backend/internal/controller/cli/api/content/artist/meta.go:163.16,165.3 1 0
github.com/hahaclassic/orpheon/backend/internal/controller/cli/api/content/artist/meta.go:167.2,170.16 3 0
github.com/hahaclassic/orpheon/backend/internal/controller/cli/api/content/artist/meta.go:170.16,172.3 1 0
github.com/hahaclassic/orpheon/backend/internal/controller/cli/api/content/artist/meta.go:174.2,175.12 2 0
github.com/hahaclassic/orpheon/backend/internal/controller/cli/api/content/genre/genre.go:21.77,25.2 1 0
github.com/hahaclassic/orpheon/backend/internal/controller/cli/api/content/genre/genre.go:27.60,50.2 1 0
github.com/hahaclassic/orpheon/backend/internal/controller/cli/api/content/genre/genre.go:52.66,66.16 8 0
github.com/hahaclassic/orpheon/backend/internal/controller/cli/api/content/genre/genre.go:66.16,68.3 1 0
github.com/hahaclassic/orpheon/backend/internal/controller/cli/api/content/genre/genre.go:70.2,71.12 2 0
github.com/hahaclassic/orpheon/backend/internal/controller/cli/api/content/genre/genre.go:74.67,82.16 6 0
github.com/hahaclassic/orpheon/backend/internal/controller/cli/api/content/genre/genre.go:82.16,84.3 1 0
github.com/hahaclassic/orpheon/backend/internal/controller/cli/api/content/genre/genre.go:86.2,87.16 2 0
github.com/hahaclassic/orpheon/backend/internal/controller/cli/api/content/genre/genre.go:87.16,89.3 1 0
github.com/hahaclassic/orpheon/backend/internal/controller/cli/api/content/genre/genre.go:91.2,92.12 2 0
github.com/hahaclassic/orpheon/backend/internal/controller/cli/api/content/genre/genre.go:95.67,97.16 2 0
github.com/hahaclassic/orpheon/backend/internal/controller/cli/api/content/genre/genre.go:97.16,99.3 1 0
github.com/hahaclassic/orpheon/backend/internal/controller/cli/api/content/genre/genre.go:101.2,103.12 2 0
github.com/hahaclassic/orpheon/backend/internal/controller/cli/api/content/genre/genre.go:106.66,118.16 9 0
github.com/hahaclassic/orpheon/backend/internal/controller/cli/api/content/genre/genre.go:118.16,120.3 1 0
github.com/hahaclassic/orpheon/backend/internal/controller/cli/api/content/genre/genre.go:122.2,130.16 4 0
github.com/hahaclassic/orpheon/backend/internal/controller/cli/api/content/genre/genre.go:130.16,132.3 1 0
github.com/hahaclassic/orpheon/backend/internal/controller/cli/api/content/genre/genre.go:134.2,135.12 2 0
github.com/hahaclassic/orpheon/backend/internal/controller/cli/api/content/genre/genre.go:138.66,146.16 6 0
github.com/hahaclassic/orpheon/backend/internal/controller/cli/api/content/genre/genre.go:146.16,148.3 1 0
github.com/hahaclassic/orpheon/backend/internal/controller/cli/api/content/genre/genre.go:150.2,153.16 3 0
github.com/hahaclassic/orpheon/backend/internal/controller/cli/api/content/genre/genre.go:153.16,155.3 1 0
github.com/hahaclassic/orpheon/backend/internal/controller/cli/api/content/genre/genre.go:157.2,158.12 2 0
github.com/hahaclassic/orpheon/backend/internal/controller/cli/api/content/search/search.go:22.80,26.2 1 0
github.com/hahaclassic/orpheon/backend/internal/controller/cli/api/content/search/search.go:28.61,47.2 1 0
github.com/hahaclassic/orpheon/backend/internal/controller/cli/api/content/search/search.go:49.74,51.16 2 0
github.com/hahaclassic/orpheon/backend/internal/controller/cli/api/content/search/search.go:51.16,53.3 1 0
github.com/hahaclassic/orpheon/backend/internal/controller/cli/api/content/search/search.go:55.2,56.16 2 0
github.com/hahaclassic/orpheon/backend/internal/controller/cli/api/content/search/search.go:56.16,58.3 1 0
github.com/hahaclassic/orpheon/backend/internal/controller/cli/api/content/search/search.go:60.2,61.12 2 0
github.com/hahaclassic/orpheon/backend/internal/controller/cli/api/content/search/search.go:64.74,66.16 2 0
github.com/hahaclassic/orpheon/backend/internal/controller/cli/api/content/search/search.go:66.16,68.3 1 0
github.com/hahaclassic/orpheon/backend/internal/controller/cli/api/content/search/search.go:70.2,71.16 2 0
github.com/hahaclassic/orpheon/backend/internal/controller/cli/api/content/search/search.go:71.16,73.3 1 0
github.com/hahaclassic/orpheon/backend/internal/controller/cli/api/content/search/search.go:75.2,76.12 2 0
github.com/hahaclassic/orpheon/backend/internal/controller/cli/api/content/search/search.go:79.69,81.16 2 0
github.com/hahaclassic/orpheon/backend/internal/controller/cli/api/content/search/search.go:81.16,83.3 1 0
github.com/hahaclassic/orpheon/backend/internal/controller/cli/api/content/search/search.go:85.2,86.16 2 0
github.com/hahaclassic/orpheon/backend/internal/controller/cli/api/content/search/search.go:86.16,88.3 1 0
github.com/hahaclassic/orpheon/backend/internal/controller/cli/api/content/search/search.go:90.2,91.12 2 0
github.com/hahaclassic/orpheon/backend/internal/controller/cli/api/content/search/search.go:94.71,96.16 2 0
github.com/hahaclassic/orpheon/backend/internal/controller/cli/api/content/search/search.go:96.16,98.3 1 0
github.com/hahaclassic/orpheon/backend/internal/controller/cli/api/content/search/search.go:100.2,101.16 2 0
github.com/hahaclassic/orpheon/backend/internal/controller/cli/api/content/search/search.go:101.16,103.3 1 0
github.com/hahaclassic/orpheon/backend/internal/controller/cli/api/content/search/search.go:105.2,106.12 2 0
github.com/hahaclassic/orpheon/backend/internal/controller/cli/api/content/search/search.go:109.80,126.16 14 0
github.com/hahaclassic/orpheon/backend/internal/controller/cli/api/content/search/search.go:126.16,128.3 1 0
github.com/hahaclassic/orpheon/backend/internal/controller/cli/api/content/search/search.go:130.2,134.20 5 0
github.com/hahaclassic/orpheon/backend/internal/controller/cli/api/content/search/search.go:134.20,136.17 2 0
github.com/hahaclassic/orpheon/backend/internal/controller/cli/api/content/search/search.go:136.17,138.4 1 0
github.com/hahaclassic/orpheon/backend/internal/controller/cli/api/content/search/search.go:139.8,141.3 1 0
github.com/hahaclassic/orpheon/backend/internal/controller/cli/api/content/search/search.go:143.2,147.21 5 0
github.com/hahaclassic/orpheon/backend/internal/controller/cli/api/content/search/search.go:147.21,149.17 2 0
github.com/hahaclassic/orpheon/backend/internal/controller/cli/api/content/search/search.go:149.17,151.4 1 0
github.com/hahaclassic/orpheon/backend/internal/controller/cli/api/content/search/search.go:152.8,154.3 1 0
github.com/hahaclassic/orpheon/backend/internal/controller/cli/api/content/search/search.go:156.2,166.23 2 0
github.com/hahaclassic/orpheon/backend/internal/controller/cli/api/content/license/license.go:21.85,25.2 1 0
github.com/hahaclassic/orpheon/backend/internal/controller/cli/api/content/license/license.go:27.62,50.2 1 0
github.com/hahaclassic/orpheon/backend/internal/controller/cli/api/content/license/license.go:52.70,71.16 11 0
github.com/hahaclassic/orpheon/backend/internal/controller/cli/api/content/license/license.go:71.16,73.3 1 0
github.com/hahaclassic/orpheon/backend/internal/controller/cli/api/content/license/license.go:75.2,76.12 2 0
github.com/hahaclassic/orpheon/backend/internal/controller/cli/api/content/license/license.go:79.71,83.41 3 0
github.com/hahaclassic/orpheon/backend/internal/controller/cli/api/content/license/license.go:83.41,85.3 1 0
github.com/hahaclassic/orpheon/backend/internal/controller/cli/api/content/license/license.go:87.2,88.16 2 0
github.com/hahaclassic/orpheon/backend/internal/controller/cli/api/content/license/license.go:88.16,90.3 1 0
github.com/hahaclassic/orpheon/backend/internal/controller/cli/api/content/license/license.go:92.2,93.16 2 0
github.com/hahaclassic/orpheon/backend/internal/controller/cli/api/content/license/license.go:93.16,95.3 1 0
github.com/hahaclassic/orpheon/backend/internal/controller/cli/api/content/license/license.go:97.2,98.12 2 0
github.com/hahaclassic/orpheon/backend/internal/controller/cli/api/content/license/license.go:101.71,103.16 2 0
github.com/hahaclassic/orpheon/backend/internal/controller/cli/api/content/license/license.go:103.16,105.3 1 0
github.com/hahaclassic/orpheon/backend/internal/controller/cli/api/content/license/license.go:107.2,109.12 2 0
github.com/hahaclassic/orpheon/backend/internal/controller/cli/api/content/license/license.go:112.70,128.16 12 0
github.com/hahaclassic/orpheon/backend/internal/controller/cli/api/content/license/license.go:128.16,130.3 1 0
github.com/hahaclassic/orpheon/backend/internal/controller/cli/api/content/license/license.go:132.2,141.16 4 0
github.com/hahaclassic/orpheon/backend/internal/controller/cli/api/content/license/license.go:141.16,143.3 1 0
github.com/hahaclassic/orpheon/backend/internal/controller/cli/api/content/license/license.go:145.2,146.12 2 0
github.com/hahaclassic/orpheon/backend/internal/controller/cli/api/content/license/license.go:149.70,153.41 3 0
github.com/hahaclassic/orpheon/backend/internal/controller/cli/api/content/license/license.go:153.41,155.3 1 0
github.com/hahaclassic/orpheon/backend/internal/controller/cli/api/content/license/license.go:157.2,158.16 2 0
github.com/hahaclassic/orpheon/backend/internal/controller/cli/api/content/license/license.go:158.16,160.3 1 0
github.com/hahaclassic/orpheon/backend/internal/controller/cli/api/content/license/license.go:162.2,165.16 3 0
github.com/hahaclassic/orpheon/backend/internal/controller/cli/api/content/license/license.go:165.16,167.3 1 0
github.com/hahaclassic/orpheon/backend/internal/controller/cli/api/content/license/license.go:169.2,170.12 2 0
github.com/hahaclassic/orpheon/backend/internal/controller/cli/api/content/track/audio.go:22.93,26.2 1 0
github.com/hahaclassic/orpheon/backend/internal/controller/cli/api/content/track/audio.go:28.65,43.2 1 0
github.com/hahaclassic/orpheon/backend/internal/controller/cli/api/content/track/audio.go:45.71,52.16 6 0
github.com/hahaclassic/orpheon/backend/internal/controller/cli/api/content/track/audio.go:52.16,54.3 1 0
github.com/hahaclassic/orpheon/backend/internal/controller/cli/api/content/track/audio.go:56.2,61.16 5 0
github.com/hahaclassic/orpheon/backend/internal/controller/cli/api/content/track/audio.go:61.16,63.3 1 0
github.com/hahaclassic/orpheon/backend/internal/controller/cli/api/content/track/audio.go:64.2,67.16 3 0
github.com/hahaclassic/orpheon/backend/internal/controller/cli/api/content/track/audio.go:67.16,69.3 1 0
github.com/hahaclassic/orpheon/backend/internal/controller/cli/api/content/track/audio.go:71.2,79.16 3 0
github.com/hahaclassic/orpheon/backend/internal/controller/cli/api/content/track/audio.go:79.16,81.3 1 0
github.com/hahaclassic/orpheon/backend/internal/controller/cli/api/content/track/audio.go:83.2,84.12 2 0
github.com/hahaclassic/orpheon/backend/internal/controller/cli/api/content/track/audio.go:87.68,94.16 6 0
github.com/hahaclassic/orpheon/backend/internal/controller/cli/api/content/track/audio.go:94.16,96.3 1 0
github.com/hahaclassic/orpheon/backend/internal/controller/cli/api/content/track/audio.go:98.2,103.16 5 0
github.com/hahaclassic/orpheon/backend/internal/controller/cli/api/content/track/audio.go:103.16,105.3 1 0
github.com/hahaclassic/orpheon/backend/internal/controller/cli/api/content/track/audio.go:106.2,113.16 3 0
github.com/hahaclassic/orpheon/backend/internal/controller/cli/api/content/track/audio.go:113.16,115.3 1 0
github.com/hahaclassic/orpheon/backend/internal/controller/cli/api/content/track/audio.go:117.2,118.16 2 0
github.com/hahaclassic/orpheon/backend/internal/controller/cli/api/content/track/audio.go:118.16,120.3 1 0
github.com/hahaclassic/orpheon/backend/internal/controller/cli/api/content/track/audio.go:122.2,123.12 2 0
github.com/hahaclassic/orpheon/backend/internal/controller/cli/api/content/track/audio.go:126.71,133.16 6 0
github.com/hahaclassic/orpheon/backend/internal/controller/cli/api/content/track/audio.go:133.16,135.3 1 0
github.com/hahaclassic/orpheon/backend/internal/controller/cli/api/content/track/audio.go:137.2,138.16 2 0
github.com/hahaclassic/orpheon/backend/internal/controller/cli/api/content/track/audio.go:138.16,140.3 1 0
github.com/hahaclassic/orpheon/backend/internal/controller/cli/api/content/track/audio.go:142.2,143.12 2 0
github.com/hahaclassic/orpheon/backend/internal/controller/cli/api/content/track/meta.go:21.91,25.2 1 0
github.com/hahaclassic/orpheon/backend/internal/controller/cli/api/content/track/meta.go:27.64,46.2 1 0
github.com/hahaclassic/orpheon/backend/internal/controller/cli/api/content/track/meta.go:48.74,57.47 7 0
github.com/hahaclassic/orpheon/backend/internal/controller/cli/api/content/track/meta.go:57.47,59.3 1 0
github.com/hahaclassic/orpheon/backend/internal/controller/cli/api/content/track/meta.go:61.2,65.16 5 0
github.com/hahaclassic/orpheon/backend/internal/controller/cli/api/content/track/meta.go:65.16,67.3 1 0
github.com/hahaclassic/orpheon/backend/internal/controller/cli/api/content/track/meta.go:69.2,71.47 3 0
github.com/hahaclassic/orpheon/backend/internal/controller/cli/api/content/track/meta.go:71.47,73.3 1 0
github.com/hahaclassic/orpheon/backend/internal/controller/cli/api/content/track/meta.go:75.2,79.16 5 0
github.com/hahaclassic/orpheon/backend/internal/controller/cli/api/content/track/meta.go:79.16,81.3 1 0
github.com/hahaclassic/orpheon/backend/internal/controller/cli/api/content/track/meta.go:83.2,87.16 5 0
github.com/hahaclassic/orpheon/backend/internal/controller/cli/api/content/track/meta.go:87.16,89.3 1 0
github.com/hahaclassic/orpheon/backend/internal/controller/cli/api/content/track/meta.go:91.2,101.16 3 0
github.com/hahaclassic/orpheon/backend/internal/controller/cli/api/content/track/meta.go:101.16,103.3 1 0
github.com/hahaclassic/orpheon/backend/internal/controller/cli/api/content/track/meta.go:105.2,106.12 2 0
github.com/hahaclassic/orpheon/backend/internal/controller/cli/api/content/track/meta.go:109.75,113.41 3 0
github.com/hahaclassic/orpheon/backend/internal/controller/cli/api/content/track/meta.go:113.41,115.3 1 0
github.com/hahaclassic/orpheon/backend/internal/controller/cli/api/content/track/meta.go:117.2,118.16 2 0
github.com/hahaclassic/orpheon/backend/internal/controller/cli/api/content/track/meta.go:118.16,120.3 1 0
github.com/hahaclassic/orpheon/backend/internal/controller/cli/api/content/track/meta.go:122.2,123.16 2 0
github.com/hahaclassic/orpheon/backend/internal/controller/cli/api/content/track/meta.go:123.16,125.3 1 0
github.com/hahaclassic/orpheon/backend/internal/controller/cli/api/content/track/meta.go:127.2,128.12 2 0
github.com/hahaclassic/orpheon/backend/internal/controller/cli/api/content/track/meta.go:131.74,144.47 10 0
github.com/hahaclassic/orpheon/backend/internal/controller/cli/api/content/track/meta.go:144.47,146.3 1 0
github.com/hahaclassic/orpheon/backend/internal/controller/cli/api/content/track/meta.go:148.2,150.47 3 0
github.com/hahaclassic/orpheon/backend/internal/controller/cli/api/content/track/meta.go:150.47,152.3 1 0
github.com/hahaclassic/orpheon/backend/internal/controller/cli/api/content/track/meta.go:154.2,158.16 5 0
github.com/hahaclassic/orpheon/backend/internal/controller/cli/api/content/track/meta.go:158.16,160.3 1 0
github.com/hahaclassic/orpheon/backend/internal/controller/cli/api/content/track/meta.go:162.2,166.16 5 0
github.com/hahaclassic/orpheon/backend/internal/controller/cli/api/content/track/meta.go:166.16,168.3 1 0
github.com/hahaclassic/orpheon/backend/internal/controller/cli/api/content/track/meta.go:170.2,171.16 2 0
github.com/hahaclassic/orpheon/backend/internal/controller/cli/api/content/track/meta.go:171.16,173.3 1 0
github.com/hahaclassic/orpheon/backend/internal/controller/cli/api/content/track/meta.go:175.2,187.16 4 0
github.com/hahaclassic/orpheon/backend/internal/controller/cli/api/content/track/meta.go:187.16,189.3 1 0
github.com/hahaclassic/orpheon/backend/internal/controller/cli/api/content/track/meta.go:191.2,192.12 2 0
github.com/hahaclassic/orpheon/backend/internal/controller/cli/api/content/track/meta.go:195.74,199.41 3 0
github.com/hahaclassic/orpheon/backend/internal/controller/cli/api/content/track/meta.go:199.41,201.3 1 0
github.com/hahaclassic/orpheon/backend/internal/controller/cli/api/content/track/meta.go:203.2,204.16 2 0
github.com/hahaclassic/orpheon/backend/internal/controller/cli/api/content/track/meta.go:204.16,206.3 1 0
github.com/hahaclassic/orpheon/backend/internal/controller/cli/api/content/track/meta.go:208.2,211.16 3 0
github.com/hahaclassic/orpheon/backend/internal/controller/cli/api/content/track/meta.go:211.16,213.3 1 0
github.com/hahaclassic/orpheon/backend/internal/controller/cli/api/content/track/meta.go:215.2,216.12 2 0
github.com/hahaclassic/orpheon/backend/internal/controller/cli/api/content/track/segment.go:19.98,23.2 1 0
github.com/hahaclassic/orpheon/backend/internal/controller/cli/api/content/track/segment.go:25.67,32.2 1 0
github.com/hahaclassic/orpheon/backend/internal/controller/cli/api/content/track/segment.go:34.78,41.16 6 0
github.com/hahaclassic/orpheon/backend/internal/controller/cli/api/content/track/segment.go:41.16,43.3 1 0
github.com/hahaclassic/orpheon/backend/internal/controller/cli/api/content/track/segment.go:45.2,46.16 2 0
github.com/hahaclassic/orpheon/backend/internal/controller/cli/api/content/track/segment.go:46.16,48.3 1 0
github.com/hahaclassic/orpheon/backend/internal/controller/cli/api/content/track/segment.go:113.2,114.12 2 0
github.com/hahaclassic/orpheon/backend/internal/controller/cli/api/content/playlist/cover.go:20.110,24.2 1 0
github.com/hahaclassic/orpheon/backend/internal/controller/cli/api/content/playlist/cover.go:26.68,41.2 1 0
github.com/hahaclassic/orpheon/backend/internal/controller/cli/api/content/playlist/cover.go:43.74,44.32 1 0
github.com/hahaclassic/orpheon/backend/internal/controller/cli/api/content/playlist/cover.go:44.32,47.3 2 0
github.com/hahaclassic/orpheon/backend/internal/controller/cli/api/content/playlist/cover.go:49.2,51.41 3 0
github.com/hahaclassic/orpheon/backend/internal/controller/cli/api/content/playlist/cover.go:51.41,53.3 1 0
github.com/hahaclassic/orpheon/backend/internal/controller/cli/api/content/playlist/cover.go:55.2,56.16 2 0
github.com/hahaclassic/orpheon/backend/internal/controller/cli/api/content/playlist/cover.go:56.16,58.3 1 0
github.com/hahaclassic/orpheon/backend/internal/controller/cli/api/content/playlist/cover.go:60.2,67.16 6 0
github.com/hahaclassic/orpheon/backend/internal/controller/cli/api/content/playlist/cover.go:67.16,69.3 1 0
github.com/hahaclassic/orpheon/backend/internal/controller/cli/api/content/playlist/cover.go:71.2,77.16 3 0
github.com/hahaclassic/orpheon/backend/internal/controller/cli/api/content/playlist/cover.go:77.16,79.3 1 0
github.com/hahaclassic/orpheon/backend/internal/controller/cli/api/content/playlist/cover.go:81.2,82.12 2 0
github.com/hahaclassic/orpheon/backend/internal/controller/cli/api/content/playlist/cover.go:85.71,88.41 3 0
github.com/hahaclassic/orpheon/backend/internal/controller/cli/api/content/playlist/cover.go:88.41,90.3 1 0
github.com/hahaclassic/orpheon/backend/internal/controller/cli/api/content/playlist/cover.go:92.2,93.16 2 0
github.com/hahaclassic/orpheon/backend/internal/controller/cli/api/content/playlist/cover.go:93.16,95.3 1 0
github.com/hahaclassic/orpheon/backend/internal/controller/cli/api/content/playlist/cover.go:97.2,98.16 2 0
github.com/hahaclassic/orpheon/backend/internal/controller/cli/api/content/playlist/cover.go:98.16,100.3 1 0
github.com/hahaclassic/orpheon/backend/internal/controller/cli/api/content/playlist/cover.go:102.2,108.16 6 0
github.com/hahaclassic/orpheon/backend/internal/controller/cli/api/content/playlist/cover.go:108.16,110.3 1 0
github.com/hahaclassic/orpheon/backend/internal/controller/cli/api/content/playlist/cover.go:112.2,113.12 2 0
github.com/hahaclassic/orpheon/backend/internal/controller/cli/api/content/playlist/cover.go:116.74,117.32 1 0
github.com/hahaclassic/orpheon/backend/internal/controller/cli/api/content/playlist/cover.go:117.32,120.3 2 0
github.com/hahaclassic/orpheon/backend/internal/controller/cli/api/content/playlist/cover.go:122.2,124.41 3 0
github.com/hahaclassic/orpheon/backend/internal/controller/cli/api/content/playlist/cover.go:124.41,126.3 1 0
github.com/hahaclassic/orpheon/backend/internal/controller/cli/api/content/playlist/cover.go:128.2,129.16 2 0
github.com/hahaclassic/orpheon/backend/internal/controller/cli/api/content/playlist/cover.go:129.16,131.3 1 0
github.com/hahaclassic/orpheon/backend/internal/controller/cli/api/content/playlist/cover.go:133.2,134.16 2 0
github.com/hahaclassic/orpheon/backend/internal/controller/cli/api/content/playlist/cover.go:134.16,136.3 1 0
github.com/hahaclassic/orpheon/backend/internal/controller/cli/api/content/playlist/cover.go:138.2,139.12 2 0
github.com/hahaclassic/orpheon/backend/internal/controller/cli/api/content/playlist/favorites.go:18.122,22.2 1 0
github.com/hahaclassic/orpheon/backend/internal/controller/cli/api/content/playlist/favorites.go:24.71,39.2 1 0
github.com/hahaclassic/orpheon/backend/internal/controller/cli/api/content/playlist/favorites.go:41.80,42.32 1 0
github.com/hahaclassic/orpheon/backend/internal/controller/cli/api/content/playlist/favorites.go:42.32,45.3 2 0
github.com/hahaclassic/orpheon/backend/internal/controller/cli/api/content/playlist/favorites.go:47.2,49.41 3 0
github.com/hahaclassic/orpheon/backend/internal/controller/cli/api/content/playlist/favorites.go:49.41,51.3 1 0
github.com/hahaclassic/orpheon/backend/internal/controller/cli/api/content/playlist/favorites.go:53.2,54.16 2 0
github.com/hahaclassic/orpheon/backend/internal/controller/cli/api/content/playlist/favorites.go:54.16,56.3 1 0
github.com/hahaclassic/orpheon/backend/internal/controller/cli/api/content/playlist/favorites.go:58.2,59.16 2 0
github.com/hahaclassic/orpheon/backend/internal/controller/cli/api/content/playlist/favorites.go:59.16,61.3 1 0
github.com/hahaclassic/orpheon/backend/internal/controller/cli/api/content/playlist/favorites.go:63.2,64.12 2 0
github.com/hahaclassic/orpheon/backend/internal/controller/cli/api/content/playlist/favorites.go:67.85,68.32 1 0
github.com/hahaclassic/orpheon/backend/internal/controller/cli/api/content/playlist/favorites.go:68.32,71.3 2 0
github.com/hahaclassic/orpheon/backend/internal/controller/cli/api/content/playlist/favorites.go:73.2,75.41 3 0
github.com/hahaclassic/orpheon/backend/internal/controller/cli/api/content/playlist/favorites.go:75.41,77.3 1 0
github.com/hahaclassic/orpheon/backend/internal/controller/cli/api/content/playlist/favorites.go:79.2,80.16 2 0
github.com/hahaclassic/orpheon/backend/internal/controller/cli/api/content/playlist/favorites.go:80.16,82.3 1 0
github.com/hahaclassic/orpheon/backend/internal/controller/cli/api/content/playlist/favorites.go:84.2,85.16 2 0
github.com/hahaclassic/orpheon/backend/internal/controller/cli/api/content/playlist/favorites.go:85.16,87.3 1 0
github.com/hahaclassic/orpheon/backend/internal/controller/cli/api/content/playlist/favorites.go:89.2,90.12 2 0
github.com/hahaclassic/orpheon/backend/internal/controller/cli/api/content/playlist/favorites.go:93.86,94.32 1 0
github.com/hahaclassic/orpheon/backend/internal/controller/cli/api/content/playlist/favorites.go:94.32,97.3 2 0
github.com/hahaclassic/orpheon/backend/internal/controller/cli/api/content/playlist/favorites.go:99.2,100.16 2 0
github.com/hahaclassic/orpheon/backend/internal/controller/cli/api/content/playlist/favorites.go:100.16,102.3 1 0
github.com/hahaclassic/orpheon/backend/internal/controller/cli/api/content/playlist/favorites.go:104.2,105.12 2 0
github.com/hahaclassic/orpheon/backend/internal/controller/cli/api/content/playlist/meta.go:25.68,31.2 1 0
github.com/hahaclassic/orpheon/backend/internal/controller/cli/api/content/playlist/meta.go:33.67,64.2 1 0
github.com/hahaclassic/orpheon/backend/internal/controller/cli/api/content/playlist/meta.go:66.76,67.32 1 0
github.com/hahaclassic/orpheon/backend/internal/controller/cli/api/content/playlist/meta.go:67.32,70.3 2 0
github.com/hahaclassic/orpheon/backend/internal/controller/cli/api/content/playlist/meta.go:72.2,85.27 11 0
github.com/hahaclassic/orpheon/backend/internal/controller/cli/api/content/playlist/meta.go:85.27,87.3 1 0
github.com/hahaclassic/orpheon/backend/internal/controller/cli/api/content/playlist/meta.go:88.2,97.16 4 0
github.com/hahaclassic/orpheon/backend/internal/controller/cli/api/content/playlist/meta.go:97.16,99.3 1 0
github.com/hahaclassic/orpheon/backend/internal/controller/cli/api/content/playlist/meta.go:101.2,102.12 2 0
github.com/hahaclassic/orpheon/backend/internal/controller/cli/api/content/playlist/meta.go:105.76,106.32 1 0
github.com/hahaclassic/orpheon/backend/internal/controller/cli/api/content/playlist/meta.go:106.32,109.3 2 0
github.com/hahaclassic/orpheon/backend/internal/controller/cli/api/content/playlist/meta.go:111.2,112.16 2 0
github.com/hahaclassic/orpheon/backend/internal/controller/cli/api/content/playlist/meta.go:112.16,114.3 1 0
github.com/hahaclassic/orpheon/backend/internal/controller/cli/api/content/playlist/meta.go:115.2,116.12 2 0
github.com/hahaclassic/orpheon/backend/internal/controller/cli/api/content/playlist/meta.go:119.78,123.41 3 0
github.com/hahaclassic/orpheon/backend/internal/controller/cli/api/content/playlist/meta.go:123.41,125.3 1 0
github.com/hahaclassic/orpheon/backend/internal/controller/cli/api/content/playlist/meta.go:127.2,128.16 2 0
github.com/hahaclassic/orpheon/backend/internal/controller/cli/api/content/playlist/meta.go:128.16,130.3 1 0
github.com/hahaclassic/orpheon/backend/internal/controller/cli/api/content/playlist/meta.go:132.2,133.16 2 0
github.com/hahaclassic/orpheon/backend/internal/controller/cli/api/content/playlist/meta.go:133.16,135.3 1 0
github.com/hahaclassic/orpheon/backend/internal/controller/cli/api/content/playlist/meta.go:137.2,139.12 2 0
github.com/hahaclassic/orpheon/backend/internal/controller/cli/api/content/playlist/meta.go:142.73,146.41 3 0
github.com/hahaclassic/orpheon/backend/internal/controller/cli/api/content/playlist/meta.go:146.41,148.3 1 0
github.com/hahaclassic/orpheon/backend/internal/controller/cli/api/content/playlist/meta.go:150.2,151.16 2 0
github.com/hahaclassic/orpheon/backend/internal/controller/cli/api/content/playlist/meta.go:151.16,153.3 1 0
github.com/hahaclassic/orpheon/backend/internal/controller/cli/api/content/playlist/meta.go:155.2,156.16 2 0
github.com/hahaclassic/orpheon/backend/internal/controller/cli/api/content/playlist/meta.go:156.16,158.3 1 0
github.com/hahaclassic/orpheon/backend/internal/controller/cli/api/content/playlist/meta.go:160.2,161.12 2 0
github.com/hahaclassic/orpheon/backend/internal/controller/cli/api/content/playlist/meta.go:164.76,165.32 1 0
github.com/hahaclassic/orpheon/backend/internal/controller/cli/api/content/playlist/meta.go:165.32,168.3 2 0
github.com/hahaclassic/orpheon/backend/internal/controller/cli/api/content/playlist/meta.go:170.2,172.41 3 0
github.com/hahaclassic/orpheon/backend/internal/controller/cli/api/content/playlist/meta.go:172.41,174.3 1 0
github.com/hahaclassic/orpheon/backend/internal/controller/cli/api/content/playlist/meta.go:176.2,177.16 2 0
github.com/hahaclassic/orpheon/backend/internal/controller/cli/api/content/playlist/meta.go:177.16,179.3 1 0
github.com/hahaclassic/orpheon/backend/internal/controller/cli/api/content/playlist/meta.go:181.2,182.16 2 0
github.com/hahaclassic/orpheon/backend/internal/controller/cli/api/content/playlist/meta.go:182.16,184.3 1 0
github.com/hahaclassic/orpheon/backend/internal/controller/cli/api/content/playlist/meta.go:186.2,195.16 8 0
github.com/hahaclassic/orpheon/backend/internal/controller/cli/api/content/playlist/meta.go:195.16,197.3 1 0
github.com/hahaclassic/orpheon/backend/internal/controller/cli/api/content/playlist/meta.go:199.2,199.23 1 0
github.com/hahaclassic/orpheon/backend/internal/controller/cli/api/content/playlist/meta.go:199.23,201.3 1 0
github.com/hahaclassic/orpheon/backend/internal/controller/cli/api/content/playlist/meta.go:203.2,204.16 2 0
github.com/hahaclassic/orpheon/backend/internal/controller/cli/api/content/playlist/meta.go:204.16,206.3 1 0
github.com/hahaclassic/orpheon/backend/internal/controller/cli/api/content/playlist/meta.go:208.2,209.12 2 0
github.com/hahaclassic/orpheon/backend/internal/controller/cli/api/content/playlist/meta.go:212.83,213.32 1 0
github.com/hahaclassic/orpheon/backend/internal/controller/cli/api/content/playlist/meta.go:213.32,216.3 2 0
github.com/hahaclassic/orpheon/backend/internal/controller/cli/api/content/playlist/meta.go:218.2,220.41 3 0
github.com/hahaclassic/orpheon/backend/internal/controller/cli/api/content/playlist/meta.go:220.41,222.3 1 0
github.com/hahaclassic/orpheon/backend/internal/controller/cli/api/content/playlist/meta.go:224.2,225.16 2 0
github.com/hahaclassic/orpheon/backend/internal/controller/cli/api/content/playlist/meta.go:225.16,227.3 1 0
github.com/hahaclassic/orpheon/backend/internal/controller/cli/api/content/playlist/meta.go:229.2,233.27 5 0
github.com/hahaclassic/orpheon/backend/internal/controller/cli/api/content/playlist/meta.go:233.27,235.3 1 0
github.com/hahaclassic/orpheon/backend/internal/controller/cli/api/content/playlist/meta.go:237.2,238.16 2 0
github.com/hahaclassic/orpheon/backend/internal/controller/cli/api/content/playlist/meta.go:238.16,240.3 1 0
github.com/hahaclassic/orpheon/backend/internal/controller/cli/api/content/playlist/meta.go:242.2,243.12 2 0
github.com/hahaclassic/orpheon/backend/internal/controller/cli/api/content/playlist/meta.go:246.76,247.32 1 0
github.com/hahaclassic/orpheon/backend/internal/controller/cli/api/content/playlist/meta.go:247.32,250.3 2 0
github.com/hahaclassic/orpheon/backend/internal/controller/cli/api/content/playlist/meta.go:252.2,254.41 3 0
github.com/hahaclassic/orpheon/backend/internal/controller/cli/api/content/playlist/meta.go:254.41,256.3 1 0
github.com/hahaclassic/orpheon/backend/internal/controller/cli/api/content/playlist/meta.go:258.2,259.16 2 0
github.com/hahaclassic/orpheon/backend/internal/controller/cli/api/content/playlist/meta.go:259.16,261.3 1 0
github.com/hahaclassic/orpheon/backend/internal/controller/cli/api/content/playlist/meta.go:263.2,264.16 2 0
github.com/hahaclassic/orpheon/backend/internal/controller/cli/api/content/playlist/meta.go:264.16,266.3 1 0
github.com/hahaclassic/orpheon/backend/internal/controller/cli/api/content/playlist/meta.go:268.2,269.12 2 0
github.com/hahaclassic/orpheon/backend/internal/controller/cli/api/content/playlist/tracks.go:20.110,24.2 1 0
github.com/hahaclassic/orpheon/backend/internal/controller/cli/api/content/playlist/tracks.go:26.68,45.2 1 0
github.com/hahaclassic/orpheon/backend/internal/controller/cli/api/content/playlist/tracks.go:47.71,48.32 1 0
github.com/hahaclassic/orpheon/backend/internal/controller/cli/api/content/playlist/tracks.go:48.32,51.3 2 0
github.com/hahaclassic/orpheon/backend/internal/controller/cli/api/content/playlist/tracks.go:53.2,55.49 3 0
github.com/hahaclassic/orpheon/backend/internal/controller/cli/api/content/playlist/tracks.go:55.49,57.3 1 0
github.com/hahaclassic/orpheon/backend/internal/controller/cli/api/content/playlist/tracks.go:59.2,60.46 2 0
github.com/hahaclassic/orpheon/backend/internal/controller/cli/api/content/playlist/tracks.go:60.46,62.3 1 0
github.com/hahaclassic/orpheon/backend/internal/controller/cli/api/content/playlist/tracks.go:64.2,65.16 2 0
github.com/hahaclassic/orpheon/backend/internal/controller/cli/api/content/playlist/tracks.go:65.16,67.3 1 0
github.com/hahaclassic/orpheon/backend/internal/controller/cli/api/content/playlist/tracks.go:69.2,70.16 2 0
github.com/hahaclassic/orpheon/backend/internal/controller/cli/api/content/playlist/tracks.go:70.16,72.3 1 0
github.com/hahaclassic/orpheon/backend/internal/controller/cli/api/content/playlist/tracks.go:74.2,78.16 2 0
github.com/hahaclassic/orpheon/backend/internal/controller/cli/api/content/playlist/tracks.go:78.16,80.3 1 0
github.com/hahaclassic/orpheon/backend/internal/controller/cli/api/content/playlist/tracks.go:82.2,83.12 2 0
github.com/hahaclassic/orpheon/backend/internal/controller/cli/api/content/playlist/tracks.go:86.74,87.32 1 0
github.com/hahaclassic/orpheon/backend/internal/controller/cli/api/content/playlist/tracks.go:87.32,90.3 2 0
github.com/hahaclassic/orpheon/backend/internal/controller/cli/api/content/playlist/tracks.go:92.2,94.49 3 0
github.com/hahaclassic/orpheon/backend/internal/controller/cli/api/content/playlist/tracks.go:94.49,96.3 1 0
github.com/hahaclassic/orpheon/backend/internal/controller/cli/api/content/playlist/tracks.go:98.2,99.46 2 0
github.com/hahaclassic/orpheon/backend/internal/controller/cli/api/content/playlist/tracks.go:99.46,101.3 1 0
github.com/hahaclassic/orpheon/backend/internal/controller/cli/api/content/playlist/tracks.go:103.2,104.16 2 0
github.com/hahaclassic/orpheon/backend/internal/controller/cli/api/content/playlist/tracks.go:104.16,106.3 1 0
github.com/hahaclassic/orpheon/backend/internal/controller/cli/api/content/playlist/tracks.go:108.2,109.16 2 0
github.com/hahaclassic/orpheon/backend/internal/controller/cli/api/content/playlist/tracks.go:109.16,111.3 1 0
github.com/hahaclassic/orpheon/backend/internal/controller/cli/api/content/playlist/tracks.go:113.2,117.16 2 0
github.com/hahaclassic/orpheon/backend/internal/controller/cli/api/content/playlist/tracks.go:117.16,119.3 1 0
github.com/hahaclassic/orpheon/backend/internal/controller/cli/api/content/playlist/tracks.go:121.2,122.12 2 0
github.com/hahaclassic/orpheon/backend/internal/controller/cli/api/content/playlist/tracks.go:125.72,128.49 3 0
github.com/hahaclassic/orpheon/backend/internal/controller/cli/api/content/playlist/tracks.go:128.49,130.3 1 0
github.com/hahaclassic/orpheon/backend/internal/controller/cli/api/content/playlist/tracks.go:132.2,133.16 2 0
github.com/hahaclassic/orpheon/backend/internal/controller/cli/api/content/playlist/tracks.go:133.16,135.3 1 0
github.com/hahaclassic/orpheon/backend/internal/controller/cli/api/content/playlist/tracks.go:137.2,138.16 2 0
github.com/hahaclassic/orpheon/backend/internal/controller/cli/api/content/playlist/tracks.go:138.16,140.3 1 0
github.com/hahaclassic/orpheon/backend/internal/controller/cli/api/content/playlist/tracks.go:142.2,143.12 2 0
github.com/hahaclassic/orpheon/backend/internal/controller/cli/api/content/playlist/tracks.go:146.82,149.49 3 0
github.com/hahaclassic/orpheon/backend/internal/controller/cli/api/content/playlist/tracks.go:149.49,151.3 1 0
github.com/hahaclassic/orpheon/backend/internal/controller/cli/api/content/playlist/tracks.go:153.2,154.16 2 0
github.com/hahaclassic/orpheon/backend/internal/controller/cli/api/content/playlist/tracks.go:154.16,156.3 1 0
github.com/hahaclassic/orpheon/backend/internal/controller/cli/api/content/playlist/tracks.go:158.2,159.46 2 0
github.com/hahaclassic/orpheon/backend/internal/controller/cli/api/content/playlist/tracks.go:159.46,161.3 1 0
github.com/hahaclassic/orpheon/backend/internal/controller/cli/api/content/playlist/tracks.go:163.2,164.16 2 0
github.com/hahaclassic/orpheon/backend/internal/controller/cli/api/content/playlist/tracks.go:164.16,166.3 1 0
github.com/hahaclassic/orpheon/backend/internal/controller/cli/api/content/playlist/tracks.go:168.2,169.50 2 0
github.com/hahaclassic/orpheon/backend/internal/controller/cli/api/content/playlist/tracks.go:169.50,171.3 1 0
github.com/hahaclassic/orpheon/backend/internal/controller/cli/api/content/playlist/tracks.go:173.2,174.16 2 0
github.com/hahaclassic/orpheon/backend/internal/controller/cli/api/content/playlist/tracks.go:174.16,176.3 1 0
github.com/hahaclassic/orpheon/backend/internal/controller/cli/api/content/playlist/tracks.go:178.2,183.16 2 0
github.com/hahaclassic/orpheon/backend/internal/controller/cli/api/content/playlist/tracks.go:183.16,185.3 1 0
github.com/hahaclassic/orpheon/backend/internal/controller/cli/api/content/playlist/tracks.go:187.2,188.12 2 0
github.com/hahaclassic/orpheon/backend/internal/controller/cli/output/output.go:12.42,20.2 7 0
github.com/hahaclassic/orpheon/backend/internal/controller/cli/output/output.go:22.46,24.31 2 0
github.com/hahaclassic/orpheon/backend/internal/controller/cli/output/output.go:24.31,27.3 1 0
github.com/hahaclassic/orpheon/backend/internal/controller/cli/output/output.go:29.2,30.77 1 0
github.com/hahaclassic/orpheon/backend/internal/controller/cli/output/output.go:33.45,40.2 6 0
github.com/hahaclassic/orpheon/backend/internal/controller/cli/output/output.go:42.49,44.33 2 0
github.com/hahaclassic/orpheon/backend/internal/controller/cli/output/output.go:44.33,47.3 1 0
github.com/hahaclassic/orpheon/backend/internal/controller/cli/output/output.go:49.2,50.63 1 0
github.com/hahaclassic/orpheon/backend/internal/controller/cli/output/output.go:53.42,65.2 11 0
github.com/hahaclassic/orpheon/backend/internal/controller/cli/output/output.go:67.46,69.31 2 0
github.com/hahaclassic/orpheon/backend/internal/controller/cli/output/output.go:69.31,72.3 1 0
github.com/hahaclassic/orpheon/backend/internal/controller/cli/output/output.go:74.2,75.120 1 0
github.com/hahaclassic/orpheon/backend/internal/controller/cli/output/output.go:78.51,89.2 10 0
github.com/hahaclassic/orpheon/backend/internal/controller/cli/output/output.go:91.55,93.37 2 0
github.com/hahaclassic/orpheon/backend/internal/controller/cli/output/output.go:93.37,98.3 1 0
github.com/hahaclassic/orpheon/backend/internal/controller/cli/output/output.go:100.2,101.116 1 0
github.com/hahaclassic/orpheon/backend/internal/controller/cli/output/output.go:104.44,110.2 5 0
github.com/hahaclassic/orpheon/backend/internal/controller/cli/output/output.go:112.48,114.35 2 0
github.com/hahaclassic/orpheon/backend/internal/controller/cli/output/output.go:114.35,117.3 1 0
github.com/hahaclassic/orpheon/backend/internal/controller/cli/output/output.go:119.2,120.53 1 0
github.com/hahaclassic/orpheon/backend/internal/controller/cli/output/output.go:123.38,128.2 4 0
github.com/hahaclassic/orpheon/backend/internal/controller/cli/output/output.go:130.42,132.31 2 0
github.com/hahaclassic/orpheon/backend/internal/controller/cli/output/output.go:132.31,134.3 1 0
github.com/hahaclassic/orpheon/backend/internal/controller/cli/output/output.go:136.2,137.38 1 0
github.com/hahaclassic/orpheon/backend/internal/controller/cli/output/output.go:140.39,148.2 7 0
github.com/hahaclassic/orpheon/backend/internal/controller/cli/output/output.go:150.43,152.29 2 0
github.com/hahaclassic/orpheon/backend/internal/controller/cli/output/output.go:152.29,155.3 1 0
github.com/hahaclassic/orpheon/backend/internal/controller/cli/output/output.go:157.2,158.88 1 0
github.com/hahaclassic/orpheon/backend/internal/controller/cli/output/output.go:161.50,169.31 3 0
github.com/hahaclassic/orpheon/backend/internal/controller/cli/output/output.go:169.31,170.36 1 0
github.com/hahaclassic/orpheon/backend/internal/controller/cli/output/output.go:170.36,172.4 1 0
github.com/hahaclassic/orpheon/backend/internal/controller/cli/output/output.go:176.2,177.23 2 0
github.com/hahaclassic/orpheon/backend/internal/controller/cli/output/output.go:177.23,179.27 2 0
github.com/hahaclassic/orpheon/backend/internal/controller/cli/output/output.go:179.27,181.4 1 0
github.com/hahaclassic/orpheon/backend/internal/controller/cli/output/output.go:185.2,186.31 2 0
github.com/hahaclassic/orpheon/backend/internal/controller/cli/output/output.go:186.31,188.17 2 0
github.com/hahaclassic/orpheon/backend/internal/controller/cli/output/output.go:188.17,193.35 4 0
github.com/hahaclassic/orpheon/backend/internal/controller/cli/output/output.go:193.35,194.33 1 0
github.com/hahaclassic/orpheon/backend/internal/controller/cli/output/output.go:194.33,196.6 1 0
github.com/hahaclassic/orpheon/backend/internal/controller/cli/output/output.go:202.2,204.28 3 0
github.com/hahaclassic/orpheon/backend/internal/controller/cli/output/output.go:204.28,206.28 2 0
github.com/hahaclassic/orpheon/backend/internal/controller/cli/output/output.go:206.28,208.4 1 0
github.com/hahaclassic/orpheon/backend/internal/controller/cli/output/output.go:209.3,209.21 1 0
github.com/hahaclassic/orpheon/backend/internal/controller/cli/output/output.go:211.2,212.45 2 0
github.com/hahaclassic/orpheon/backend/internal/controller/cli/api/player/player.go:29.103,36.2 1 0
github.com/hahaclassic/orpheon/backend/internal/controller/cli/api/player/player.go:38.61,73.2 1 0
github.com/hahaclassic/orpheon/backend/internal/controller/cli/api/player/player.go:75.67,83.16 6 0
github.com/hahaclassic/orpheon/backend/internal/controller/cli/api/player/player.go:83.16,85.3 1 0
github.com/hahaclassic/orpheon/backend/internal/controller/cli/api/player/player.go:87.2,88.16 2 0
github.com/hahaclassic/orpheon/backend/internal/controller/cli/api/player/player.go:88.16,90.3 1 0
github.com/hahaclassic/orpheon/backend/internal/controller/cli/api/player/player.go:92.2,95.12 4 0
github.com/hahaclassic/orpheon/backend/internal/controller/cli/api/player/player.go:98.70,106.16 6 0
github.com/hahaclassic/orpheon/backend/internal/controller/cli/api/player/player.go:106.16,108.3 1 0
github.com/hahaclassic/orpheon/backend/internal/controller/cli/api/player/player.go:110.2,111.16 2 0
github.com/hahaclassic/orpheon/backend/internal/controller/cli/api/player/player.go:111.16,113.3 1 0
github.com/hahaclassic/orpheon/backend/internal/controller/cli/api/player/player.go:115.2,118.12 4 0
github.com/hahaclassic/orpheon/backend/internal/controller/cli/api/player/player.go:121.67,129.16 6 0
github.com/hahaclassic/orpheon/backend/internal/controller/cli/api/player/player.go:129.16,131.3 1 0
github.com/hahaclassic/orpheon/backend/internal/controller/cli/api/player/player.go:133.2,134.16 2 0
github.com/hahaclassic/orpheon/backend/internal/controller/cli/api/player/player.go:134.16,136.3 1 0
github.com/hahaclassic/orpheon/backend/internal/controller/cli/api/player/player.go:138.2,141.12 4 0
github.com/hahaclassic/orpheon/backend/internal/controller/cli/api/player/player.go:144.60,148.2 3 0
github.com/hahaclassic/orpheon/backend/internal/controller/cli/api/player/player.go:150.61,154.2 3 0
github.com/hahaclassic/orpheon/backend/internal/controller/cli/api/player/player.go:156.60,160.2 3 0
github.com/hahaclassic/orpheon/backend/internal/controller/cli/api/player/player.go:162.64,166.2 3 0
github.com/hahaclassic/orpheon/backend/internal/controller/cli/api/player/player.go:168.62,175.17 6 0
github.com/hahaclassic/orpheon/backend/internal/controller/cli/api/player/player.go:175.17,178.17 3 0
github.com/hahaclassic/orpheon/backend/internal/controller/cli/api/player/player.go:178.17,180.4 1 0
github.com/hahaclassic/orpheon/backend/internal/controller/cli/api/player/player.go:183.2,185.12 3 0
github.com/hahaclassic/orpheon/backend/internal/controller/cli/player/player.go:31.38,36.2 1 0
github.com/hahaclassic/orpheon/backend/internal/controller/cli/player/player.go:38.52,39.6 1 0
github.com/hahaclassic/orpheon/backend/internal/controller/cli/player/player.go:39.6,41.20 2 0
github.com/hahaclassic/orpheon/backend/internal/controller/cli/player/player.go:41.20,42.11 1 0
github.com/hahaclassic/orpheon/backend/internal/controller/cli/player/player.go:43.18,44.21 1 0
github.com/hahaclassic/orpheon/backend/internal/controller/cli/player/player.go:45.12,47.13 2 0
github.com/hahaclassic/orpheon/backend/internal/controller/cli/player/player.go:50.3,50.16 1 0
github.com/hahaclassic/orpheon/backend/internal/controller/cli/player/player.go:54.43,56.2 1 0
github.com/hahaclassic/orpheon/backend/internal/controller/cli/player/player.go:58.38,59.9 1 0
github.com/hahaclassic/orpheon/backend/internal/controller/cli/player/player.go:60.16,60.16 0 0
github.com/hahaclassic/orpheon/backend/internal/controller/cli/player/player.go:61.10,62.16 1 0
github.com/hahaclassic/orpheon/backend/internal/controller/cli/player/player.go:64.2,64.12 1 0
github.com/hahaclassic/orpheon/backend/internal/controller/cli/player/player.go:82.65,87.2 1 0
github.com/hahaclassic/orpheon/backend/internal/controller/cli/player/player.go:89.44,91.46 2 0
github.com/hahaclassic/orpheon/backend/internal/controller/cli/player/player.go:91.46,94.3 2 0
github.com/hahaclassic/orpheon/backend/internal/controller/cli/player/player.go:95.2,115.44 15 0
github.com/hahaclassic/orpheon/backend/internal/controller/cli/player/player.go:115.44,118.3 2 0
github.com/hahaclassic/orpheon/backend/internal/controller/cli/player/player.go:120.2,120.32 1 0
github.com/hahaclassic/orpheon/backend/internal/controller/cli/player/player.go:123.134,127.6 3 0
github.com/hahaclassic/orpheon/backend/internal/controller/cli/player/player.go:127.6,128.10 1 0
github.com/hahaclassic/orpheon/backend/internal/controller/cli/player/player.go:129.21,131.10 2 0
github.com/hahaclassic/orpheon/backend/internal/controller/cli/player/player.go:132.11,132.11 0 0
github.com/hahaclassic/orpheon/backend/internal/controller/cli/player/player.go:135.3,142.40 3 0
github.com/hahaclassic/orpheon/backend/internal/controller/cli/player/player.go:142.40,143.9 1 0
github.com/hahaclassic/orpheon/backend/internal/controller/cli/player/player.go:146.3,150.29 4 0
github.com/hahaclassic/orpheon/backend/internal/controller/cli/player/player.go:150.29,151.11 1 0
github.com/hahaclassic/orpheon/backend/internal/controller/cli/player/player.go:152.29,152.29 0 0
github.com/hahaclassic/orpheon/backend/internal/controller/cli/player/player.go:153.12,153.12 0 0
github.com/hahaclassic/orpheon/backend/internal/controller/cli/player/player.go:157.2,157.12 1 0
github.com/hahaclassic/orpheon/backend/internal/controller/cli/player/player.go:160.56,162.16 2 0
github.com/hahaclassic/orpheon/backend/internal/controller/cli/player/player.go:162.16,164.3 1 0
github.com/hahaclassic/orpheon/backend/internal/controller/cli/player/player.go:166.2,166.93 1 0
github.com/hahaclassic/orpheon/backend/internal/controller/cli/player/player.go:166.93,168.3 1 0
github.com/hahaclassic/orpheon/backend/internal/controller/cli/player/player.go:170.2,178.51 7 0
github.com/hahaclassic/orpheon/backend/internal/controller/cli/player/player.go:178.51,183.3 4 0
github.com/hahaclassic/orpheon/backend/internal/controller/cli/player/player.go:185.2,185.12 1 0
github.com/hahaclassic/orpheon/backend/internal/controller/cli/player/player.go:188.78,197.6 7 0
github.com/hahaclassic/orpheon/backend/internal/controller/cli/player/player.go:197.6,198.10 1 0
github.com/hahaclassic/orpheon/backend/internal/controller/cli/player/player.go:199.27,200.10 1 0
github.com/hahaclassic/orpheon/backend/internal/controller/cli/player/player.go:201.19,203.19 2 0
github.com/hahaclassic/orpheon/backend/internal/controller/cli/player/player.go:203.19,205.47 2 0
github.com/hahaclassic/orpheon/backend/internal/controller/cli/player/player.go:205.47,207.6 1 0
github.com/hahaclassic/orpheon/backend/internal/controller/cli/player/player.go:209.4,209.17 1 0
github.com/hahaclassic/orpheon/backend/internal/controller/cli/player/player.go:214.26,217.34 3 0
github.com/hahaclassic/orpheon/backend/internal/controller/cli/player/player.go:217.34,220.3 2 0
github.com/hahaclassic/orpheon/backend/internal/controller/cli/player/player.go:223.27,226.35 3 0
github.com/hahaclassic/orpheon/backend/internal/controller/cli/player/player.go:226.35,230.3 3 0
github.com/hahaclassic/orpheon/backend/internal/controller/cli/player/player.go:233.25,235.39 2 0
github.com/hahaclassic/orpheon/backend/internal/controller/cli/player/player.go:235.39,238.3 2 0
github.com/hahaclassic/orpheon/backend/internal/controller/cli/player/player.go:239.2,239.29 1 0
github.com/hahaclassic/orpheon/backend/internal/controller/cli/player/player.go:239.29,241.3 1 0
github.com/hahaclassic/orpheon/backend/internal/controller/cli/player/player.go:242.2,242.35 1 0
github.com/hahaclassic/orpheon/backend/internal/controller/cli/player/player.go:242.35,245.3 2 0
github.com/hahaclassic/orpheon/backend/internal/controller/cli/player/player.go:246.2,246.19 1 0
github.com/hahaclassic/orpheon/backend/internal/controller/cli/player/player.go:246.19,248.3 1 0
github.com/hahaclassic/orpheon/backend/internal/controller/cli/player/player.go:249.2,249.23 1 0
github.com/hahaclassic/orpheon/backend/internal/controller/cli/player/player.go:249.23,252.3 2 0
github.com/hahaclassic/orpheon/backend/internal/controller/cli/player/player.go:253.2,255.19 3 0
github.com/hahaclassic/orpheon/backend/internal/controller/cli/player/player.go:255.19,256.10 1 0
github.com/hahaclassic/orpheon/backend/internal/controller/cli/player/player.go:257.17,257.17 0 0
github.com/hahaclassic/orpheon/backend/internal/controller/cli/player/player.go:258.11,259.17 1 0
github.com/hahaclassic/orpheon/backend/internal/controller/cli/player/player.go:262.2,262.15 1 0
github.com/hahaclassic/orpheon/backend/internal/controller/cli/player/player.go:265.25,268.32 3 0
github.com/hahaclassic/orpheon/backend/internal/controller/cli/player/player.go:268.32,271.3 2 0
github.com/hahaclassic/orpheon/backend/internal/controller/cli/player/player.go:272.2,273.33 2 0
github.com/hahaclassic/orpheon/backend/internal/controller/cli/player/player.go:276.29,279.19 3 0
github.com/hahaclassic/orpheon/backend/internal/controller/cli/player/player.go:279.19,282.3 2 0
github.com/hahaclassic/orpheon/backend/internal/controller/cli/player/player.go:283.2,284.33 2 0
github.com/hahaclassic/orpheon/backend/internal/controller/cli/player/player.go:287.57,290.22 3 0
github.com/hahaclassic/orpheon/backend/internal/controller/cli/player/player.go:290.22,292.3 1 0
github.com/hahaclassic/orpheon/backend/internal/controller/cli/player/player.go:293.2,293.38 1 0
github.com/hahaclassic/orpheon/backend/internal/controller/cli/player/player.go:296.37,298.91 2 0
github.com/hahaclassic/orpheon/backend/internal/controller/cli/player/player.go:298.91,301.3 2 0
github.com/hahaclassic/orpheon/backend/internal/controller/cli/player/player.go:302.2,306.33 4 0
github.com/hahaclassic/orpheon/backend/internal/controller/cli/api/user/user.go:21.70,25.2 1 0
github.com/hahaclassic/orpheon/backend/internal/controller/cli/api/user/user.go:27.59,46.2 1 0
github.com/hahaclassic/orpheon/backend/internal/controller/cli/api/user/user.go:48.66,49.32 1 0
github.com/hahaclassic/orpheon/backend/internal/controller/cli/api/user/user.go:49.32,52.3 2 0
github.com/hahaclassic/orpheon/backend/internal/controller/cli/api/user/user.go:54.2,55.16 2 0
github.com/hahaclassic/orpheon/backend/internal/controller/cli/api/user/user.go:55.16,57.3 1 0
github.com/hahaclassic/orpheon/backend/internal/controller/cli/api/user/user.go:59.2,60.12 2 0
github.com/hahaclassic/orpheon/backend/internal/controller/cli/api/user/user.go:63.65,67.41 3 0
github.com/hahaclassic/orpheon/backend/internal/controller/cli/api/user/user.go:67.41,69.3 1 0
github.com/hahaclassic/orpheon/backend/internal/controller/cli/api/user/user.go:71.2,72.16 2 0
github.com/hahaclassic/orpheon/backend/internal/controller/cli/api/user/user.go:72.16,74.3 1 0
github.com/hahaclassic/orpheon/backend/internal/controller/cli/api/user/user.go:76.2,77.16 2 0
github.com/hahaclassic/orpheon/backend/internal/controller/cli/api/user/user.go:77.16,79.3 1 0
github.com/hahaclassic/orpheon/backend/internal/controller/cli/api/user/user.go:81.2,82.12 2 0
github.com/hahaclassic/orpheon/backend/internal/controller/cli/api/user/user.go:85.64,86.32 1 0
github.com/hahaclassic/orpheon/backend/internal/controller/cli/api/user/user.go:86.32,89.3 2 0
github.com/hahaclassic/orpheon/backend/internal/controller/cli/api/user/user.go:91.2,92.16 2 0
github.com/hahaclassic/orpheon/backend/internal/controller/cli/api/user/user.go:92.16,94.3 1 0
github.com/hahaclassic/orpheon/backend/internal/controller/cli/api/user/user.go:96.2,101.16 5 0
github.com/hahaclassic/orpheon/backend/internal/controller/cli/api/user/user.go:101.16,103.3 1 0
github.com/hahaclassic/orpheon/backend/internal/controller/cli/api/user/user.go:105.2,108.24 4 0
github.com/hahaclassic/orpheon/backend/internal/controller/cli/api/user/user.go:108.24,110.17 2 0
github.com/hahaclassic/orpheon/backend/internal/controller/cli/api/user/user.go:110.17,112.4 1 0
github.com/hahaclassic/orpheon/backend/internal/controller/cli/api/user/user.go:113.3,113.29 1 0
github.com/hahaclassic/orpheon/backend/internal/controller/cli/api/user/user.go:116.2,117.16 2 0
github.com/hahaclassic/orpheon/backend/internal/controller/cli/api/user/user.go:117.16,119.3 1 0
github.com/hahaclassic/orpheon/backend/internal/controller/cli/api/user/user.go:121.2,122.12 2 0
github.com/hahaclassic/orpheon/backend/internal/controller/cli/api/user/user.go:125.64,129.41 3 0
github.com/hahaclassic/orpheon/backend/internal/controller/cli/api/user/user.go:129.41,131.3 1 0
github.com/hahaclassic/orpheon/backend/internal/controller/cli/api/user/user.go:133.2,134.16 2 0
github.com/hahaclassic/orpheon/backend/internal/controller/cli/api/user/user.go:134.16,136.3 1 0
github.com/hahaclassic/orpheon/backend/internal/controller/cli/api/user/user.go:138.2,139.16 2 0
github.com/hahaclassic/orpheon/backend/internal/controller/cli/api/user/user.go:139.16,141.3 1 0
github.com/hahaclassic/orpheon/backend/internal/controller/cli/api/user/user.go:143.2,144.12 2 0
github.com/hahaclassic/orpheon/backend/internal/controller/cli/session/session.go:29.26,30.17 1 0
github.com/hahaclassic/orpheon/backend/internal/controller/cli/session/session.go:30.17,44.3 3 0
github.com/hahaclassic/orpheon/backend/internal/controller/cli/session/session.go:45.2,45.10 1 0
github.com/hahaclassic/orpheon/backend/internal/controller/cli/session/session.go:48.69,52.26 3 0
github.com/hahaclassic/orpheon/backend/internal/controller/cli/session/session.go:52.26,55.17 3 0
github.com/hahaclassic/orpheon/backend/internal/controller/cli/session/session.go:55.17,57.4 1 0
github.com/hahaclassic/orpheon/backend/internal/controller/cli/session/session.go:60.2,61.19 2 0
github.com/hahaclassic/orpheon/backend/internal/controller/cli/session/session.go:64.19,72.2 6 0
github.com/hahaclassic/orpheon/backend/internal/controller/cli/session/session.go:74.30,79.2 3 0
github.com/hahaclassic/orpheon/backend/internal/controller/cli/session/session.go:81.34,86.2 3 0
github.com/hahaclassic/orpheon/backend/internal/controller/cli/session/session.go:88.46,93.2 3 0
github.com/hahaclassic/orpheon/backend/internal/controller/cli/session/session.go:95.29,100.2 3 0
github.com/hahaclassic/orpheon/backend/internal/controller/http/api/stat/stat.go:17.80,19.2 1 0
github.com/hahaclassic/orpheon/backend/internal/controller/http/api/stat/stat.go:21.55,24.16 3 0
github.com/hahaclassic/orpheon/backend/internal/controller/http/api/stat/stat.go:24.16,27.3 2 0
github.com/hahaclassic/orpheon/backend/internal/controller/http/api/stat/stat.go:29.2,30.51 2 0
github.com/hahaclassic/orpheon/backend/internal/controller/http/api/stat/stat.go:30.51,33.3 2 0
github.com/hahaclassic/orpheon/backend/internal/controller/http/api/stat/stat.go:35.2,36.19 2 0
github.com/hahaclassic/orpheon/backend/internal/controller/http/api/stat/stat.go:36.19,38.3 1 0
github.com/hahaclassic/orpheon/backend/internal/controller/http/api/stat/stat.go:40.2,42.80 2 0
github.com/hahaclassic/orpheon/backend/internal/controller/http/api/stat/stat.go:42.80,45.3 2 0
github.com/hahaclassic/orpheon/backend/internal/controller/http/api/stat/stat.go:46.2,46.34 1 0
github.com/hahaclassic/orpheon/backend/internal/controller/http/api/auth/handlers.go:22.50,29.2 1 0
github.com/hahaclassic/orpheon/backend/internal/controller/http/api/auth/handlers.go:31.67,40.2 7 0
github.com/hahaclassic/orpheon/backend/internal/controller/http/api/auth/handlers.go:42.52,44.49 2 0
github.com/hahaclassic/orpheon/backend/internal/controller/http/api/auth/handlers.go:44.49,48.3 2 0
github.com/hahaclassic/orpheon/backend/internal/controller/http/api/auth/handlers.go:50.2,51.16 2 0
github.com/hahaclassic/orpheon/backend/internal/controller/http/api/auth/handlers.go:51.16,55.3 2 0
github.com/hahaclassic/orpheon/backend/internal/controller/http/api/auth/handlers.go:57.2,57.41 1 0
github.com/hahaclassic/orpheon/backend/internal/controller/http/api/auth/handlers.go:60.49,62.49 2 0
github.com/hahaclassic/orpheon/backend/internal/controller/http/api/auth/handlers.go:62.49,66.3 2 0
github.com/hahaclassic/orpheon/backend/internal/controller/http/api/auth/handlers.go:68.2,69.16 2 0
github.com/hahaclassic/orpheon/backend/internal/controller/http/api/auth/handlers.go:69.16,73.3 2 0
github.com/hahaclassic/orpheon/backend/internal/controller/http/api/auth/handlers.go:75.2,75.41 1 0
github.com/hahaclassic/orpheon/backend/internal/controller/http/api/auth/handlers.go:78.51,80.16 2 0
github.com/hahaclassic/orpheon/backend/internal/controller/http/api/auth/handlers.go:80.16,83.3 2 0
github.com/hahaclassic/orpheon/backend/internal/controller/http/api/auth/handlers.go:85.2,86.16 2 0
github.com/hahaclassic/orpheon/backend/internal/controller/http/api/auth/handlers.go:86.16,89.3 2 0
github.com/hahaclassic/orpheon/backend/internal/controller/http/api/auth/handlers.go:91.2,92.41 2 0
github.com/hahaclassic/orpheon/backend/internal/controller/http/api/auth/handlers.go:95.50,97.16 2 0
github.com/hahaclassic/orpheon/backend/internal/controller/http/api/auth/handlers.go:97.16,98.78 1 0
github.com/hahaclassic/orpheon/backend/internal/controller/http/api/auth/handlers.go:98.78,101.4 2 0
github.com/hahaclassic/orpheon/backend/internal/controller/http/api/auth/handlers.go:103.3,103.40 1 0
github.com/hahaclassic/orpheon/backend/internal/controller/http/api/auth/handlers.go:106.2,108.25 2 0
github.com/hahaclassic/orpheon/backend/internal/controller/http/api/auth/handlers.go:111.58,113.19 2 0
github.com/hahaclassic/orpheon/backend/internal/controller/http/api/auth/handlers.go:113.19,116.3 2 0
github.com/hahaclassic/orpheon/backend/internal/controller/http/api/auth/handlers.go:118.2,119.53 2 0
github.com/hahaclassic/orpheon/backend/internal/controller/http/api/auth/handlers.go:119.53,122.3 2 0
github.com/hahaclassic/orpheon/backend/internal/controller/http/api/auth/handlers.go:124.2,124.98 1 0
github.com/hahaclassic/orpheon/backend/internal/controller/http/api/auth/handlers.go:124.98,127.3 2 0
github.com/hahaclassic/orpheon/backend/internal/controller/http/api/auth/handlers.go:129.2,129.25 1 0
github.com/hahaclassic/orpheon/backend/internal/controller/http/api/user/user.go:19.70,23.2 1 0
github.com/hahaclassic/orpheon/backend/internal/controller/http/api/user/user.go:25.50,27.19 2 0
github.com/hahaclassic/orpheon/backend/internal/controller/http/api/user/user.go:27.19,30.3 2 0
github.com/hahaclassic/orpheon/backend/internal/controller/http/api/user/user.go:32.2,33.16 2 0
github.com/hahaclassic/orpheon/backend/internal/controller/http/api/user/user.go:33.16,36.3 2 0
github.com/hahaclassic/orpheon/backend/internal/controller/http/api/user/user.go:38.2,38.35 1 0
github.com/hahaclassic/orpheon/backend/internal/controller/http/api/user/user.go:41.52,43.16 2 0
github.com/hahaclassic/orpheon/backend/internal/controller/http/api/user/user.go:43.16,46.3 2 0
github.com/hahaclassic/orpheon/backend/internal/controller/http/api/user/user.go:48.2,49.16 2 0
github.com/hahaclassic/orpheon/backend/internal/controller/http/api/user/user.go:49.16,52.3 2 0
github.com/hahaclassic/orpheon/backend/internal/controller/http/api/user/user.go:54.2,54.21 1 0
github.com/hahaclassic/orpheon/backend/internal/controller/http/api/user/user.go:54.21,57.3 2 0
github.com/hahaclassic/orpheon/backend/internal/controller/http/api/user/user.go:59.2,59.35 1 0
github.com/hahaclassic/orpheon/backend/internal/controller/http/api/user/user.go:62.53,64.19 2 0
github.com/hahaclassic/orpheon/backend/internal/controller/http/api/user/user.go:64.19,67.3 2 0
github.com/hahaclassic/orpheon/backend/internal/controller/http/api/user/user.go:69.2,70.54 2 0
github.com/hahaclassic/orpheon/backend/internal/controller/http/api/user/user.go:70.54,73.3 2 0
github.com/hahaclassic/orpheon/backend/internal/controller/http/api/user/user.go:75.2,77.91 2 0
github.com/hahaclassic/orpheon/backend/internal/controller/http/api/user/user.go:77.91,78.45 1 0
github.com/hahaclassic/orpheon/backend/internal/controller/http/api/user/user.go:78.45,80.4 1 0
github.com/hahaclassic/orpheon/backend/internal/controller/http/api/user/user.go:80.9,82.4 1 0
github.com/hahaclassic/orpheon/backend/internal/controller/http/api/user/user.go:83.3,83.9 1 0
github.com/hahaclassic/orpheon/backend/internal/controller/http/api/user/user.go:86.2,86.72 1 0
github.com/hahaclassic/orpheon/backend/internal/controller/http/api/user/user.go:89.55,91.19 2 0
github.com/hahaclassic/orpheon/backend/internal/controller/http/api/user/user.go:91.19,94.3 2 0
github.com/hahaclassic/orpheon/backend/internal/controller/http/api/user/user.go:96.2,97.16 2 0
github.com/hahaclassic/orpheon/backend/internal/controller/http/api/user/user.go:97.16,100.3 2 0
github.com/hahaclassic/orpheon/backend/internal/controller/http/api/user/user.go:102.2,102.88 1 0
github.com/hahaclassic/orpheon/backend/internal/controller/http/api/user/user.go:102.88,103.45 1 0
github.com/hahaclassic/orpheon/backend/internal/controller/http/api/user/user.go:103.45,105.4 1 0
github.com/hahaclassic/orpheon/backend/internal/controller/http/api/user/user.go:105.9,107.4 1 0
github.com/hahaclassic/orpheon/backend/internal/controller/http/api/user/user.go:108.3,108.9 1 0
github.com/hahaclassic/orpheon/backend/internal/controller/http/api/user/user.go:111.2,111.72 1 0
github.com/hahaclassic/orpheon/backend/internal/controller/http/api/content/playlist/cover.go:22.97,26.2 1 0
github.com/hahaclassic/orpheon/backend/internal/controller/http/api/content/playlist/cover.go:28.65,30.19 2 0
github.com/hahaclassic/orpheon/backend/internal/controller/http/api/content/playlist/cover.go:30.19,33.3 2 0
github.com/hahaclassic/orpheon/backend/internal/controller/http/api/content/playlist/cover.go:35.2,36.16 2 0
github.com/hahaclassic/orpheon/backend/internal/controller/http/api/content/playlist/cover.go:36.16,39.3 2 0
github.com/hahaclassic/orpheon/backend/internal/controller/http/api/content/playlist/cover.go:41.2,41.84 1 0
github.com/hahaclassic/orpheon/backend/internal/controller/http/api/content/playlist/cover.go:41.84,44.3 2 0
github.com/hahaclassic/orpheon/backend/internal/controller/http/api/content/playlist/cover.go:46.2,46.74 1 0
github.com/hahaclassic/orpheon/backend/internal/controller/http/api/content/playlist/cover.go:49.62,53.16 3 0
github.com/hahaclassic/orpheon/backend/internal/controller/http/api/content/playlist/cover.go:53.16,56.3 2 0
github.com/hahaclassic/orpheon/backend/internal/controller/http/api/content/playlist/cover.go:58.2,59.16 2 0
github.com/hahaclassic/orpheon/backend/internal/controller/http/api/content/playlist/cover.go:59.16,60.45 1 0
github.com/hahaclassic/orpheon/backend/internal/controller/http/api/content/playlist/cover.go:60.45,62.4 1 0
github.com/hahaclassic/orpheon/backend/internal/controller/http/api/content/playlist/cover.go:62.9,64.4 1 0
github.com/hahaclassic/orpheon/backend/internal/controller/http/api/content/playlist/cover.go:65.3,65.9 1 0
github.com/hahaclassic/orpheon/backend/internal/controller/http/api/content/playlist/cover.go:68.2,72.51 3 0
github.com/hahaclassic/orpheon/backend/internal/controller/http/api/content/playlist/cover.go:75.65,77.19 2 0
github.com/hahaclassic/orpheon/backend/internal/controller/http/api/content/playlist/cover.go:77.19,80.3 2 0
github.com/hahaclassic/orpheon/backend/internal/controller/http/api/content/playlist/cover.go:82.2,83.16 2 0
github.com/hahaclassic/orpheon/backend/internal/controller/http/api/content/playlist/cover.go:83.16,86.3 2 0
github.com/hahaclassic/orpheon/backend/internal/controller/http/api/content/playlist/cover.go:88.2,88.89 1 0
github.com/hahaclassic/orpheon/backend/internal/controller/http/api/content/playlist/cover.go:88.89,91.3 2 0
github.com/hahaclassic/orpheon/backend/internal/controller/http/api/content/playlist/cover.go:92.2,92.73 1 0
github.com/hahaclassic/orpheon/backend/internal/controller/http/api/content/playlist/cover.go:95.92,97.16 2 0
github.com/hahaclassic/orpheon/backend/internal/controller/http/api/content/playlist/cover.go:97.16,99.3 1 0
github.com/hahaclassic/orpheon/backend/internal/controller/http/api/content/playlist/cover.go:101.2,102.16 2 0
github.com/hahaclassic/orpheon/backend/internal/controller/http/api/content/playlist/cover.go:102.16,104.3 1 0
github.com/hahaclassic/orpheon/backend/internal/controller/http/api/content/playlist/cover.go:106.2,106.30 1 0
github.com/hahaclassic/orpheon/backend/internal/controller/http/api/content/playlist/cover.go:106.30,108.3 1 0
github.com/hahaclassic/orpheon/backend/internal/controller/http/api/content/playlist/cover.go:110.2,111.63 2 0
github.com/hahaclassic/orpheon/backend/internal/controller/http/api/content/playlist/cover.go:111.63,113.3 1 0
github.com/hahaclassic/orpheon/backend/internal/controller/http/api/content/playlist/cover.go:115.2,116.16 2 0
github.com/hahaclassic/orpheon/backend/internal/controller/http/api/content/playlist/cover.go:116.16,118.3 1 0
github.com/hahaclassic/orpheon/backend/internal/controller/http/api/content/playlist/cover.go:120.2,121.46 2 0
github.com/hahaclassic/orpheon/backend/internal/controller/http/api/content/playlist/cover.go:121.46,123.3 1 0
github.com/hahaclassic/orpheon/backend/internal/controller/http/api/content/playlist/cover.go:125.2,128.8 1 0
github.com/hahaclassic/orpheon/backend/internal/controller/http/api/content/playlist/favorites.go:18.71,23.2 1 0
github.com/hahaclassic/orpheon/backend/internal/controller/http/api/content/playlist/favorites.go:34.78,36.19 2 0
github.com/hahaclassic/orpheon/backend/internal/controller/http/api/content/playlist/favorites.go:36.19,39.3 2 0
github.com/hahaclassic/orpheon/backend/internal/controller/http/api/content/playlist/favorites.go:41.2,42.16 2 0
github.com/hahaclassic/orpheon/backend/internal/controller/http/api/content/playlist/favorites.go:42.16,45.3 2 0
github.com/hahaclassic/orpheon/backend/internal/controller/http/api/content/playlist/favorites.go:47.2,48.16 2 0
github.com/hahaclassic/orpheon/backend/internal/controller/http/api/content/playlist/favorites.go:48.16,51.3 2 0
github.com/hahaclassic/orpheon/backend/internal/controller/http/api/content/playlist/favorites.go:53.2,53.37 1 0
github.com/hahaclassic/orpheon/backend/internal/controller/http/api/content/playlist/favorites.go:56.72,58.19 2 0
github.com/hahaclassic/orpheon/backend/internal/controller/http/api/content/playlist/favorites.go:58.19,61.3 2 0
github.com/hahaclassic/orpheon/backend/internal/controller/http/api/content/playlist/favorites.go:63.2,64.16 2 0
github.com/hahaclassic/orpheon/backend/internal/controller/http/api/content/playlist/favorites.go:64.16,67.3 2 0
github.com/hahaclassic/orpheon/backend/internal/controller/http/api/content/playlist/favorites.go:69.2,70.16 2 0
github.com/hahaclassic/orpheon/backend/internal/controller/http/api/content/playlist/favorites.go:70.16,73.3 2 0
github.com/hahaclassic/orpheon/backend/internal/controller/http/api/content/playlist/favorites.go:75.2,75.27 1 0
github.com/hahaclassic/orpheon/backend/internal/controller/http/api/content/playlist/favorites.go:78.77,80.19 2 0
github.com/hahaclassic/orpheon/backend/internal/controller/http/api/content/playlist/favorites.go:80.19,83.3 2 0
github.com/hahaclassic/orpheon/backend/internal/controller/http/api/content/playlist/favorites.go:85.2,86.16 2 0
github.com/hahaclassic/orpheon/backend/internal/controller/http/api/content/playlist/favorites.go:86.16,89.3 2 0
github.com/hahaclassic/orpheon/backend/internal/controller/http/api/content/playlist/favorites.go:91.2,92.16 2 0
github.com/hahaclassic/orpheon/backend/internal/controller/http/api/content/playlist/favorites.go:92.16,95.3 2 0
github.com/hahaclassic/orpheon/backend/internal/controller/http/api/content/playlist/favorites.go:97.2,97.27 1 0
github.com/hahaclassic/orpheon/backend/internal/controller/http/api/content/playlist/meta.go:26.66,33.2 1 0
github.com/hahaclassic/orpheon/backend/internal/controller/http/api/content/playlist/meta.go:46.64,50.16 3 0
github.com/hahaclassic/orpheon/backend/internal/controller/http/api/content/playlist/meta.go:50.16,53.3 2 0
github.com/hahaclassic/orpheon/backend/internal/controller/http/api/content/playlist/meta.go:55.2,56.16 2 0
github.com/hahaclassic/orpheon/backend/internal/controller/http/api/content/playlist/meta.go:56.16,57.44 1 0
github.com/hahaclassic/orpheon/backend/internal/controller/http/api/content/playlist/meta.go:57.44,59.4 1 0
github.com/hahaclassic/orpheon/backend/internal/controller/http/api/content/playlist/meta.go:59.9,59.52 1 0
github.com/hahaclassic/orpheon/backend/internal/controller/http/api/content/playlist/meta.go:59.52,61.4 1 0
github.com/hahaclassic/orpheon/backend/internal/controller/http/api/content/playlist/meta.go:61.9,63.4 1 0
github.com/hahaclassic/orpheon/backend/internal/controller/http/api/content/playlist/meta.go:64.3,64.9 1 0
github.com/hahaclassic/orpheon/backend/internal/controller/http/api/content/playlist/meta.go:67.2,68.16 2 0
github.com/hahaclassic/orpheon/backend/internal/controller/http/api/content/playlist/meta.go:68.16,71.3 2 0
github.com/hahaclassic/orpheon/backend/internal/controller/http/api/content/playlist/meta.go:73.2,73.40 1 0
github.com/hahaclassic/orpheon/backend/internal/controller/http/api/content/playlist/meta.go:88.67,90.19 2 0
github.com/hahaclassic/orpheon/backend/internal/controller/http/api/content/playlist/meta.go:90.19,93.3 2 0
github.com/hahaclassic/orpheon/backend/internal/controller/http/api/content/playlist/meta.go:95.2,96.54 2 0
github.com/hahaclassic/orpheon/backend/internal/controller/http/api/content/playlist/meta.go:96.54,99.3 2 0
github.com/hahaclassic/orpheon/backend/internal/controller/http/api/content/playlist/meta.go:101.2,102.16 2 0
github.com/hahaclassic/orpheon/backend/internal/controller/http/api/content/playlist/meta.go:102.16,105.3 2 0
github.com/hahaclassic/orpheon/backend/internal/controller/http/api/content/playlist/meta.go:107.2,107.81 1 0
github.com/hahaclassic/orpheon/backend/internal/controller/http/api/content/playlist/meta.go:124.67,126.19 2 0
github.com/hahaclassic/orpheon/backend/internal/controller/http/api/content/playlist/meta.go:126.19,129.3 2 0
github.com/hahaclassic/orpheon/backend/internal/controller/http/api/content/playlist/meta.go:131.2,132.16 2 0
github.com/hahaclassic/orpheon/backend/internal/controller/http/api/content/playlist/meta.go:132.16,135.3 2 0
github.com/hahaclassic/orpheon/backend/internal/controller/http/api/content/playlist/meta.go:137.2,138.54 2 0
github.com/hahaclassic/orpheon/backend/internal/controller/http/api/content/playlist/meta.go:138.54,141.3 2 0
github.com/hahaclassic/orpheon/backend/internal/controller/http/api/content/playlist/meta.go:143.2,145.16 3 0
github.com/hahaclassic/orpheon/backend/internal/controller/http/api/content/playlist/meta.go:145.16,148.3 2 0
github.com/hahaclassic/orpheon/backend/internal/controller/http/api/content/playlist/meta.go:150.2,150.76 1 0
github.com/hahaclassic/orpheon/backend/internal/controller/http/api/content/playlist/meta.go:165.67,167.19 2 0
github.com/hahaclassic/orpheon/backend/internal/controller/http/api/content/playlist/meta.go:167.19,170.3 2 0
github.com/hahaclassic/orpheon/backend/internal/controller/http/api/content/playlist/meta.go:172.2,173.16 2 0
github.com/hahaclassic/orpheon/backend/internal/controller/http/api/content/playlist/meta.go:173.16,176.3 2 0
github.com/hahaclassic/orpheon/backend/internal/controller/http/api/content/playlist/meta.go:178.2,179.16 2 0
github.com/hahaclassic/orpheon/backend/internal/controller/http/api/content/playlist/meta.go:179.16,182.3 2 0
github.com/hahaclassic/orpheon/backend/internal/controller/http/api/content/playlist/meta.go:184.2,184.34 1 0
github.com/hahaclassic/orpheon/backend/internal/controller/http/api/content/playlist/meta.go:187.67,189.19 2 0
github.com/hahaclassic/orpheon/backend/internal/controller/http/api/content/playlist/meta.go:189.19,192.3 2 0
github.com/hahaclassic/orpheon/backend/internal/controller/http/api/content/playlist/meta.go:194.2,195.16 2 0
github.com/hahaclassic/orpheon/backend/internal/controller/http/api/content/playlist/meta.go:195.16,198.3 2 0
github.com/hahaclassic/orpheon/backend/internal/controller/http/api/content/playlist/meta.go:200.2,201.16 2 0
github.com/hahaclassic/orpheon/backend/internal/controller/http/api/content/playlist/meta.go:201.16,204.3 2 0
github.com/hahaclassic/orpheon/backend/internal/controller/http/api/content/playlist/meta.go:206.2,206.37 1 0
github.com/hahaclassic/orpheon/backend/internal/controller/http/api/content/playlist/meta.go:209.69,213.16 3 0
github.com/hahaclassic/orpheon/backend/internal/controller/http/api/content/playlist/meta.go:213.16,216.3 2 0
github.com/hahaclassic/orpheon/backend/internal/controller/http/api/content/playlist/meta.go:218.2,219.16 2 0
github.com/hahaclassic/orpheon/backend/internal/controller/http/api/content/playlist/meta.go:219.16,222.3 2 0
github.com/hahaclassic/orpheon/backend/internal/controller/http/api/content/playlist/meta.go:224.2,225.16 2 0
github.com/hahaclassic/orpheon/backend/internal/controller/http/api/content/playlist/meta.go:225.16,228.3 2 0
github.com/hahaclassic/orpheon/backend/internal/controller/http/api/content/playlist/meta.go:230.2,230.37 1 0
github.com/hahaclassic/orpheon/backend/internal/controller/http/api/content/playlist/meta.go:233.74,235.19 2 0
github.com/hahaclassic/orpheon/backend/internal/controller/http/api/content/playlist/meta.go:235.19,238.3 2 0
github.com/hahaclassic/orpheon/backend/internal/controller/http/api/content/playlist/meta.go:240.2,241.16 2 0
github.com/hahaclassic/orpheon/backend/internal/controller/http/api/content/playlist/meta.go:241.16,244.3 2 0
github.com/hahaclassic/orpheon/backend/internal/controller/http/api/content/playlist/meta.go:246.2,247.53 2 0
github.com/hahaclassic/orpheon/backend/internal/controller/http/api/content/playlist/meta.go:247.53,250.3 2 0
github.com/hahaclassic/orpheon/backend/internal/controller/http/api/content/playlist/meta.go:252.2,253.16 2 0
github.com/hahaclassic/orpheon/backend/internal/controller/http/api/content/playlist/meta.go:253.16,254.45 1 0
github.com/hahaclassic/orpheon/backend/internal/controller/http/api/content/playlist/meta.go:254.45,256.4 1 0
github.com/hahaclassic/orpheon/backend/internal/controller/http/api/content/playlist/meta.go:256.9,258.4 1 0
github.com/hahaclassic/orpheon/backend/internal/controller/http/api/content/playlist/meta.go:259.3,259.9 1 0
github.com/hahaclassic/orpheon/backend/internal/controller/http/api/content/playlist/meta.go:262.2,262.27 1 0
github.com/hahaclassic/orpheon/backend/internal/controller/http/api/content/playlist/tracks.go:23.68,28.2 1 0
github.com/hahaclassic/orpheon/backend/internal/controller/http/api/content/playlist/tracks.go:30.71,32.19 2 0
github.com/hahaclassic/orpheon/backend/internal/controller/http/api/content/playlist/tracks.go:32.19,35.3 2 0
github.com/hahaclassic/orpheon/backend/internal/controller/http/api/content/playlist/tracks.go:37.2,38.16 2 0
github.com/hahaclassic/orpheon/backend/internal/controller/http/api/content/playlist/tracks.go:38.16,41.3 2 0
github.com/hahaclassic/orpheon/backend/internal/controller/http/api/content/playlist/tracks.go:43.2,44.16 2 0
github.com/hahaclassic/orpheon/backend/internal/controller/http/api/content/playlist/tracks.go:44.16,45.45 1 0
github.com/hahaclassic/orpheon/backend/internal/controller/http/api/content/playlist/tracks.go:45.45,47.4 1 0
github.com/hahaclassic/orpheon/backend/internal/controller/http/api/content/playlist/tracks.go:47.9,49.4 1 0
github.com/hahaclassic/orpheon/backend/internal/controller/http/api/content/playlist/tracks.go:50.3,50.9 1 0
github.com/hahaclassic/orpheon/backend/internal/controller/http/api/content/playlist/tracks.go:53.2,54.16 2 0
github.com/hahaclassic/orpheon/backend/internal/controller/http/api/content/playlist/tracks.go:54.16,55.45 1 0
github.com/hahaclassic/orpheon/backend/internal/controller/http/api/content/playlist/tracks.go:55.45,57.4 1 0
github.com/hahaclassic/orpheon/backend/internal/controller/http/api/content/playlist/tracks.go:57.9,59.4 1 0
github.com/hahaclassic/orpheon/backend/internal/controller/http/api/content/playlist/tracks.go:60.3,60.9 1 0
github.com/hahaclassic/orpheon/backend/internal/controller/http/api/content/playlist/tracks.go:63.2,63.37 1 0
github.com/hahaclassic/orpheon/backend/internal/controller/http/api/content/playlist/tracks.go:66.72,68.19 2 0
github.com/hahaclassic/orpheon/backend/internal/controller/http/api/content/playlist/tracks.go:68.19,71.3 2 0
github.com/hahaclassic/orpheon/backend/internal/controller/http/api/content/playlist/tracks.go:73.2,74.16 2 0
github.com/hahaclassic/orpheon/backend/internal/controller/http/api/content/playlist/tracks.go:74.16,77.3 2 0
github.com/hahaclassic/orpheon/backend/internal/controller/http/api/content/playlist/tracks.go:79.2,80.53 2 0
github.com/hahaclassic/orpheon/backend/internal/controller/http/api/content/playlist/tracks.go:80.53,83.3 2 0
github.com/hahaclassic/orpheon/backend/internal/controller/http/api/content/playlist/tracks.go:85.2,89.16 2 0
github.com/hahaclassic/orpheon/backend/internal/controller/http/api/content/playlist/tracks.go:89.16,90.45 1 0
github.com/hahaclassic/orpheon/backend/internal/controller/http/api/content/playlist/tracks.go:90.45,92.4 1 0
github.com/hahaclassic/orpheon/backend/internal/controller/http/api/content/playlist/tracks.go:92.9,94.4 1 0
github.com/hahaclassic/orpheon/backend/internal/controller/http/api/content/playlist/tracks.go:95.3,95.9 1 0
github.com/hahaclassic/orpheon/backend/internal/controller/http/api/content/playlist/tracks.go:98.2,98.70 1 0
github.com/hahaclassic/orpheon/backend/internal/controller/http/api/content/playlist/tracks.go:101.77,103.19 2 0
github.com/hahaclassic/orpheon/backend/internal/controller/http/api/content/playlist/tracks.go:103.19,106.3 2 0
github.com/hahaclassic/orpheon/backend/internal/controller/http/api/content/playlist/tracks.go:108.2,109.16 2 0
github.com/hahaclassic/orpheon/backend/internal/controller/http/api/content/playlist/tracks.go:109.16,112.3 2 0
github.com/hahaclassic/orpheon/backend/internal/controller/http/api/content/playlist/tracks.go:114.2,115.16 2 0
github.com/hahaclassic/orpheon/backend/internal/controller/http/api/content/playlist/tracks.go:115.16,118.3 2 0
github.com/hahaclassic/orpheon/backend/internal/controller/http/api/content/playlist/tracks.go:120.2,124.16 2 0
github.com/hahaclassic/orpheon/backend/internal/controller/http/api/content/playlist/tracks.go:124.16,125.45 1 0
github.com/hahaclassic/orpheon/backend/internal/controller/http/api/content/playlist/tracks.go:125.45,127.4 1 0
github.com/hahaclassic/orpheon/backend/internal/controller/http/api/content/playlist/tracks.go:127.9,129.4 1 0
github.com/hahaclassic/orpheon/backend/internal/controller/http/api/content/playlist/tracks.go:130.3,130.9 1 0
github.com/hahaclassic/orpheon/backend/internal/controller/http/api/content/playlist/tracks.go:133.2,133.74 1 0
github.com/hahaclassic/orpheon/backend/internal/controller/http/api/content/playlist/tracks.go:136.73,138.19 2 0
github.com/hahaclassic/orpheon/backend/internal/controller/http/api/content/playlist/tracks.go:138.19,141.3 2 0
github.com/hahaclassic/orpheon/backend/internal/controller/http/api/content/playlist/tracks.go:143.2,144.16 2 0
github.com/hahaclassic/orpheon/backend/internal/controller/http/api/content/playlist/tracks.go:144.16,147.3 2 0
github.com/hahaclassic/orpheon/backend/internal/controller/http/api/content/playlist/tracks.go:149.2,150.16 2 0
github.com/hahaclassic/orpheon/backend/internal/controller/http/api/content/playlist/tracks.go:150.16,153.3 2 0
github.com/hahaclassic/orpheon/backend/internal/controller/http/api/content/playlist/tracks.go:155.2,156.53 2 0
github.com/hahaclassic/orpheon/backend/internal/controller/http/api/content/playlist/tracks.go:156.53,159.3 2 0
github.com/hahaclassic/orpheon/backend/internal/controller/http/api/content/playlist/tracks.go:161.2,166.16 2 0
github.com/hahaclassic/orpheon/backend/internal/controller/http/api/content/playlist/tracks.go:166.16,167.45 1 0
github.com/hahaclassic/orpheon/backend/internal/controller/http/api/content/playlist/tracks.go:167.45,169.4 1 0
github.com/hahaclassic/orpheon/backend/internal/controller/http/api/content/playlist/tracks.go:169.9,171.4 1 0
github.com/hahaclassic/orpheon/backend/internal/controller/http/api/content/playlist/tracks.go:172.3,172.9 1 0
github.com/hahaclassic/orpheon/backend/internal/controller/http/api/content/playlist/tracks.go:175.2,175.69 1 0
github.com/hahaclassic/orpheon/backend/internal/controller/http/api/content/track/audio.go:24.86,26.2 1 0
github.com/hahaclassic/orpheon/backend/internal/controller/http/api/content/track/audio.go:28.64,30.16 2 0
github.com/hahaclassic/orpheon/backend/internal/controller/http/api/content/track/audio.go:30.16,33.3 2 0
github.com/hahaclassic/orpheon/backend/internal/controller/http/api/content/track/audio.go:35.2,36.16 2 0
github.com/hahaclassic/orpheon/backend/internal/controller/http/api/content/track/audio.go:36.16,39.3 2 0
github.com/hahaclassic/orpheon/backend/internal/controller/http/api/content/track/audio.go:41.2,48.16 3 0
github.com/hahaclassic/orpheon/backend/internal/controller/http/api/content/track/audio.go:48.16,51.3 2 0
github.com/hahaclassic/orpheon/backend/internal/controller/http/api/content/track/audio.go:53.2,58.64 5 0
github.com/hahaclassic/orpheon/backend/internal/controller/http/api/content/track/audio.go:61.89,63.23 2 0
github.com/hahaclassic/orpheon/backend/internal/controller/http/api/content/track/audio.go:63.23,65.3 1 0
github.com/hahaclassic/orpheon/backend/internal/controller/http/api/content/track/audio.go:68.2,70.38 3 0
github.com/hahaclassic/orpheon/backend/internal/controller/http/api/content/track/audio.go:70.38,72.3 1 0
github.com/hahaclassic/orpheon/backend/internal/controller/http/api/content/track/audio.go:74.2,75.16 2 0
github.com/hahaclassic/orpheon/backend/internal/controller/http/api/content/track/audio.go:75.16,77.3 1 0
github.com/hahaclassic/orpheon/backend/internal/controller/http/api/content/track/audio.go:79.2,80.39 2 0
github.com/hahaclassic/orpheon/backend/internal/controller/http/api/content/track/audio.go:80.39,82.17 2 0
github.com/hahaclassic/orpheon/backend/internal/controller/http/api/content/track/audio.go:82.17,84.4 1 0
github.com/hahaclassic/orpheon/backend/internal/controller/http/api/content/track/audio.go:85.8,87.3 1 0
github.com/hahaclassic/orpheon/backend/internal/controller/http/api/content/track/audio.go:89.2,89.24 1 0
github.com/hahaclassic/orpheon/backend/internal/controller/http/api/content/track/audio.go:92.66,94.19 2 0
github.com/hahaclassic/orpheon/backend/internal/controller/http/api/content/track/audio.go:94.19,97.3 2 0
github.com/hahaclassic/orpheon/backend/internal/controller/http/api/content/track/audio.go:99.2,100.16 2 0
github.com/hahaclassic/orpheon/backend/internal/controller/http/api/content/track/audio.go:100.16,103.3 2 0
github.com/hahaclassic/orpheon/backend/internal/controller/http/api/content/track/audio.go:105.2,105.88 1 0
github.com/hahaclassic/orpheon/backend/internal/controller/http/api/content/track/audio.go:105.88,108.3 2 0
github.com/hahaclassic/orpheon/backend/internal/controller/http/api/content/track/audio.go:110.2,110.79 1 0
github.com/hahaclassic/orpheon/backend/internal/controller/http/api/content/track/audio.go:113.66,115.19 2 0
github.com/hahaclassic/orpheon/backend/internal/controller/http/api/content/track/audio.go:115.19,118.3 2 0
github.com/hahaclassic/orpheon/backend/internal/controller/http/api/content/track/audio.go:120.2,121.16 2 0
github.com/hahaclassic/orpheon/backend/internal/controller/http/api/content/track/audio.go:121.16,124.3 2 0
github.com/hahaclassic/orpheon/backend/internal/controller/http/api/content/track/audio.go:126.2,126.90 1 0
github.com/hahaclassic/orpheon/backend/internal/controller/http/api/content/track/audio.go:126.90,129.3 2 0
github.com/hahaclassic/orpheon/backend/internal/controller/http/api/content/track/audio.go:131.2,131.78 1 0
github.com/hahaclassic/orpheon/backend/internal/controller/http/api/content/track/audio.go:134.94,136.16 2 0
github.com/hahaclassic/orpheon/backend/internal/controller/http/api/content/track/audio.go:136.16,138.3 1 0
github.com/hahaclassic/orpheon/backend/internal/controller/http/api/content/track/audio.go:140.2,141.16 2 0
github.com/hahaclassic/orpheon/backend/internal/controller/http/api/content/track/audio.go:141.16,143.3 1 0
github.com/hahaclassic/orpheon/backend/internal/controller/http/api/content/track/audio.go:145.2,145.30 1 0
github.com/hahaclassic/orpheon/backend/internal/controller/http/api/content/track/audio.go:145.30,147.3 1 0
github.com/hahaclassic/orpheon/backend/internal/controller/http/api/content/track/audio.go:149.2,150.63 2 0
github.com/hahaclassic/orpheon/backend/internal/controller/http/api/content/track/audio.go:150.63,152.3 1 0
github.com/hahaclassic/orpheon/backend/internal/controller/http/api/content/track/audio.go:154.2,155.16 2 0
github.com/hahaclassic/orpheon/backend/internal/controller/http/api/content/track/audio.go:155.16,157.3 1 0
github.com/hahaclassic/orpheon/backend/internal/controller/http/api/content/track/audio.go:159.2,160.46 2 0
github.com/hahaclassic/orpheon/backend/internal/controller/http/api/content/track/audio.go:160.46,162.3 1 0
github.com/hahaclassic/orpheon/backend/internal/controller/http/api/content/track/audio.go:164.2,169.8 1 0
github.com/hahaclassic/orpheon/backend/internal/controller/http/api/content/track/meta.go:22.128,27.2 1 0
github.com/hahaclassic/orpheon/backend/internal/controller/http/api/content/track/meta.go:40.58,42.16 2 0
github.com/hahaclassic/orpheon/backend/internal/controller/http/api/content/track/meta.go:42.16,45.3 2 0
github.com/hahaclassic/orpheon/backend/internal/controller/http/api/content/track/meta.go:47.2,48.16 2 0
github.com/hahaclassic/orpheon/backend/internal/controller/http/api/content/track/meta.go:48.16,51.3 2 0
github.com/hahaclassic/orpheon/backend/internal/controller/http/api/content/track/meta.go:53.2,54.16 2 0
github.com/hahaclassic/orpheon/backend/internal/controller/http/api/content/track/meta.go:54.16,57.3 2 0
github.com/hahaclassic/orpheon/backend/internal/controller/http/api/content/track/meta.go:59.2,59.40 1 0
github.com/hahaclassic/orpheon/backend/internal/controller/http/api/content/track/meta.go:74.61,76.19 2 0
github.com/hahaclassic/orpheon/backend/internal/controller/http/api/content/track/meta.go:76.19,79.3 2 0
github.com/hahaclassic/orpheon/backend/internal/controller/http/api/content/track/meta.go:81.2,82.51 2 0
github.com/hahaclassic/orpheon/backend/internal/controller/http/api/content/track/meta.go:82.51,85.3 2 0
github.com/hahaclassic/orpheon/backend/internal/controller/http/api/content/track/meta.go:87.2,88.16 2 0
github.com/hahaclassic/orpheon/backend/internal/controller/http/api/content/track/meta.go:88.16,89.45 1 0
github.com/hahaclassic/orpheon/backend/internal/controller/http/api/content/track/meta.go:89.45,91.4 1 0
github.com/hahaclassic/orpheon/backend/internal/controller/http/api/content/track/meta.go:91.9,93.4 1 0
github.com/hahaclassic/orpheon/backend/internal/controller/http/api/content/track/meta.go:94.3,94.9 1 0
github.com/hahaclassic/orpheon/backend/internal/controller/http/api/content/track/meta.go:97.2,97.46 1 0
github.com/hahaclassic/orpheon/backend/internal/controller/http/api/content/track/meta.go:114.61,116.19 2 0
github.com/hahaclassic/orpheon/backend/internal/controller/http/api/content/track/meta.go:116.19,119.3 2 0
github.com/hahaclassic/orpheon/backend/internal/controller/http/api/content/track/meta.go:121.2,122.16 2 0
github.com/hahaclassic/orpheon/backend/internal/controller/http/api/content/track/meta.go:122.16,125.3 2 0
github.com/hahaclassic/orpheon/backend/internal/controller/http/api/content/track/meta.go:127.2,128.51 2 0
github.com/hahaclassic/orpheon/backend/internal/controller/http/api/content/track/meta.go:128.51,131.3 2 0
github.com/hahaclassic/orpheon/backend/internal/controller/http/api/content/track/meta.go:133.2,135.16 3 0
github.com/hahaclassic/orpheon/backend/internal/controller/http/api/content/track/meta.go:135.16,136.45 1 0
github.com/hahaclassic/orpheon/backend/internal/controller/http/api/content/track/meta.go:136.45,138.4 1 0
github.com/hahaclassic/orpheon/backend/internal/controller/http/api/content/track/meta.go:138.9,140.4 1 0
github.com/hahaclassic/orpheon/backend/internal/controller/http/api/content/track/meta.go:141.3,141.9 1 0
github.com/hahaclassic/orpheon/backend/internal/controller/http/api/content/track/meta.go:144.2,144.27 1 0
github.com/hahaclassic/orpheon/backend/internal/controller/http/api/content/track/meta.go:159.61,161.19 2 0
github.com/hahaclassic/orpheon/backend/internal/controller/http/api/content/track/meta.go:161.19,164.3 2 0
github.com/hahaclassic/orpheon/backend/internal/controller/http/api/content/track/meta.go:166.2,167.16 2 0
github.com/hahaclassic/orpheon/backend/internal/controller/http/api/content/track/meta.go:167.16,170.3 2 0
github.com/hahaclassic/orpheon/backend/internal/controller/http/api/content/track/meta.go:172.2,173.16 2 0
github.com/hahaclassic/orpheon/backend/internal/controller/http/api/content/track/meta.go:173.16,174.45 1 0
github.com/hahaclassic/orpheon/backend/internal/controller/http/api/content/track/meta.go:174.45,176.4 1 0
github.com/hahaclassic/orpheon/backend/internal/controller/http/api/content/track/meta.go:176.9,178.4 1 0
github.com/hahaclassic/orpheon/backend/internal/controller/http/api/content/track/meta.go:179.3,179.9 1 0
github.com/hahaclassic/orpheon/backend/internal/controller/http/api/content/track/meta.go:182.2,182.34 1 0
github.com/hahaclassic/orpheon/backend/internal/controller/http/api/content/track/segment.go:15.91,17.2 1 0
github.com/hahaclassic/orpheon/backend/internal/controller/http/api/content/track/segment.go:19.64,21.16 2 0
github.com/hahaclassic/orpheon/backend/internal/controller/http/api/content/track/segment.go:21.16,24.3 2 0
github.com/hahaclassic/orpheon/backend/internal/controller/http/api/content/track/segment.go:26.2,27.16 2 0
github.com/hahaclassic/orpheon/backend/internal/controller/http/api/content/track/segment.go:27.16,30.3 2 0
github.com/hahaclassic/orpheon/backend/internal/controller/http/api/content/track/segment.go:32.2,32.35 1 0
github.com/hahaclassic/orpheon/backend/internal/controller/http/api/content/genre/assign.go:18.99,20.2 1 0
github.com/hahaclassic/orpheon/backend/internal/controller/http/api/content/genre/assign.go:22.70,24.19 2 0
github.com/hahaclassic/orpheon/backend/internal/controller/http/api/content/genre/assign.go:24.19,27.3 2 0
github.com/hahaclassic/orpheon/backend/internal/controller/http/api/content/genre/assign.go:29.2,30.16 2 0
github.com/hahaclassic/orpheon/backend/internal/controller/http/api/content/genre/assign.go:30.16,33.3 2 0
github.com/hahaclassic/orpheon/backend/internal/controller/http/api/content/genre/assign.go:35.2,36.16 2 0
github.com/hahaclassic/orpheon/backend/internal/controller/http/api/content/genre/assign.go:36.16,39.3 2 0
github.com/hahaclassic/orpheon/backend/internal/controller/http/api/content/genre/assign.go:41.2,42.16 2 0
github.com/hahaclassic/orpheon/backend/internal/controller/http/api/content/genre/assign.go:42.16,43.45 1 0
github.com/hahaclassic/orpheon/backend/internal/controller/http/api/content/genre/assign.go:43.45,45.4 1 0
github.com/hahaclassic/orpheon/backend/internal/controller/http/api/content/genre/assign.go:45.9,47.4 1 0
github.com/hahaclassic/orpheon/backend/internal/controller/http/api/content/genre/assign.go:48.3,48.9 1 0
github.com/hahaclassic/orpheon/backend/internal/controller/http/api/content/genre/assign.go:51.2,51.70 1 0
github.com/hahaclassic/orpheon/backend/internal/controller/http/api/content/genre/assign.go:54.74,56.19 2 0
github.com/hahaclassic/orpheon/backend/internal/controller/http/api/content/genre/assign.go:56.19,59.3 2 0
github.com/hahaclassic/orpheon/backend/internal/controller/http/api/content/genre/assign.go:61.2,62.16 2 0
github.com/hahaclassic/orpheon/backend/internal/controller/http/api/content/genre/assign.go:62.16,65.3 2 0
github.com/hahaclassic/orpheon/backend/internal/controller/http/api/content/genre/assign.go:67.2,68.16 2 0
github.com/hahaclassic/orpheon/backend/internal/controller/http/api/content/genre/assign.go:68.16,71.3 2 0
github.com/hahaclassic/orpheon/backend/internal/controller/http/api/content/genre/assign.go:73.2,74.16 2 0
github.com/hahaclassic/orpheon/backend/internal/controller/http/api/content/genre/assign.go:74.16,77.3 2 0
github.com/hahaclassic/orpheon/backend/internal/controller/http/api/content/genre/assign.go:79.2,79.74 1 0
github.com/hahaclassic/orpheon/backend/internal/controller/http/api/content/genre/genre.go:20.107,25.2 1 0
github.com/hahaclassic/orpheon/backend/internal/controller/http/api/content/genre/genre.go:27.67,29.2 2 0
github.com/hahaclassic/orpheon/backend/internal/controller/http/api/content/genre/genre.go:29.2,35.3 5 0
github.com/hahaclassic/orpheon/backend/internal/controller/http/api/content/genre/genre.go:35.3,39.4 3 0
github.com/hahaclassic/orpheon/backend/internal/controller/http/api/content/genre/genre.go:54.54,56.16 2 0
github.com/hahaclassic/orpheon/backend/internal/controller/http/api/content/genre/genre.go:56.16,59.3 2 0
github.com/hahaclassic/orpheon/backend/internal/controller/http/api/content/genre/genre.go:61.2,62.16 2 0
github.com/hahaclassic/orpheon/backend/internal/controller/http/api/content/genre/genre.go:62.16,65.3 2 0
github.com/hahaclassic/orpheon/backend/internal/controller/http/api/content/genre/genre.go:67.2,67.32 1 0
github.com/hahaclassic/orpheon/backend/internal/controller/http/api/content/genre/genre.go:78.58,80.16 2 0
github.com/hahaclassic/orpheon/backend/internal/controller/http/api/content/genre/genre.go:80.16,83.3 2 0
github.com/hahaclassic/orpheon/backend/internal/controller/http/api/content/genre/genre.go:85.2,85.33 1 0
github.com/hahaclassic/orpheon/backend/internal/controller/http/api/content/genre/genre.go:100.57,102.19 2 0
github.com/hahaclassic/orpheon/backend/internal/controller/http/api/content/genre/genre.go:102.19,105.3 2 0
github.com/hahaclassic/orpheon/backend/internal/controller/http/api/content/genre/genre.go:107.2,108.51 2 0
github.com/hahaclassic/orpheon/backend/internal/controller/http/api/content/genre/genre.go:108.51,111.3 2 0
github.com/hahaclassic/orpheon/backend/internal/controller/http/api/content/genre/genre.go:113.2,114.16 2 0
github.com/hahaclassic/orpheon/backend/internal/controller/http/api/content/genre/genre.go:114.16,115.45 1 0
github.com/hahaclassic/orpheon/backend/internal/controller/http/api/content/genre/genre.go:115.45,118.4 2 0
github.com/hahaclassic/orpheon/backend/internal/controller/http/api/content/genre/genre.go:120.3,121.9 2 0
github.com/hahaclassic/orpheon/backend/internal/controller/http/api/content/genre/genre.go:124.2,124.32 1 0
github.com/hahaclassic/orpheon/backend/internal/controller/http/api/content/genre/genre.go:141.57,143.19 2 0
github.com/hahaclassic/orpheon/backend/internal/controller/http/api/content/genre/genre.go:143.19,146.3 2 0
github.com/hahaclassic/orpheon/backend/internal/controller/http/api/content/genre/genre.go:148.2,149.16 2 0
github.com/hahaclassic/orpheon/backend/internal/controller/http/api/content/genre/genre.go:149.16,152.3 2 0
github.com/hahaclassic/orpheon/backend/internal/controller/http/api/content/genre/genre.go:154.2,155.51 2 0
github.com/hahaclassic/orpheon/backend/internal/controller/http/api/content/genre/genre.go:155.51,158.3 2 0
github.com/hahaclassic/orpheon/backend/internal/controller/http/api/content/genre/genre.go:160.2,162.16 3 0
github.com/hahaclassic/orpheon/backend/internal/controller/http/api/content/genre/genre.go:162.16,163.45 1 0
github.com/hahaclassic/orpheon/backend/internal/controller/http/api/content/genre/genre.go:163.45,166.4 2 0
github.com/hahaclassic/orpheon/backend/internal/controller/http/api/content/genre/genre.go:168.3,169.9 2 0
github.com/hahaclassic/orpheon/backend/internal/controller/http/api/content/genre/genre.go:172.2,172.27 1 0
github.com/hahaclassic/orpheon/backend/internal/controller/http/api/content/genre/genre.go:187.57,189.19 2 0
github.com/hahaclassic/orpheon/backend/internal/controller/http/api/content/genre/genre.go:189.19,192.3 2 0
github.com/hahaclassic/orpheon/backend/internal/controller/http/api/content/genre/genre.go:194.2,195.16 2 0
github.com/hahaclassic/orpheon/backend/internal/controller/http/api/content/genre/genre.go:195.16,198.3 2 0
github.com/hahaclassic/orpheon/backend/internal/controller/http/api/content/genre/genre.go:200.2,201.16 2 0
github.com/hahaclassic/orpheon/backend/internal/controller/http/api/content/genre/genre.go:201.16,202.45 1 0
github.com/hahaclassic/orpheon/backend/internal/controller/http/api/content/genre/genre.go:202.45,205.4 2 0
github.com/hahaclassic/orpheon/backend/internal/controller/http/api/content/genre/genre.go:207.3,208.9 2 0
github.com/hahaclassic/orpheon/backend/internal/controller/http/api/content/genre/genre.go:211.2,211.34 1 0
github.com/hahaclassic/orpheon/backend/internal/controller/http/api/content/license/license.go:20.117,25.2 1 0
github.com/hahaclassic/orpheon/backend/internal/controller/http/api/content/license/license.go:27.69,29.2 2 0
github.com/hahaclassic/orpheon/backend/internal/controller/http/api/content/license/license.go:29.2,35.3 5 0
github.com/hahaclassic/orpheon/backend/internal/controller/http/api/content/license/license.go:35.3,39.4 3 0
github.com/hahaclassic/orpheon/backend/internal/controller/http/api/content/license/license.go:54.58,56.16 2 0
github.com/hahaclassic/orpheon/backend/internal/controller/http/api/content/license/license.go:56.16,59.3 2 0
github.com/hahaclassic/orpheon/backend/internal/controller/http/api/content/license/license.go:61.2,62.16 2 0
github.com/hahaclassic/orpheon/backend/internal/controller/http/api/content/license/license.go:62.16,65.3 2 0
github.com/hahaclassic/orpheon/backend/internal/controller/http/api/content/license/license.go:67.2,67.20 1 0
github.com/hahaclassic/orpheon/backend/internal/controller/http/api/content/license/license.go:67.20,70.3 2 0
github.com/hahaclassic/orpheon/backend/internal/controller/http/api/content/license/license.go:72.2,72.34 1 0
github.com/hahaclassic/orpheon/backend/internal/controller/http/api/content/license/license.go:83.62,85.16 2 0
github.com/hahaclassic/orpheon/backend/internal/controller/http/api/content/license/license.go:85.16,88.3 2 0
github.com/hahaclassic/orpheon/backend/internal/controller/http/api/content/license/license.go:90.2,90.35 1 0
github.com/hahaclassic/orpheon/backend/internal/controller/http/api/content/license/license.go:106.61,108.19 2 0
github.com/hahaclassic/orpheon/backend/internal/controller/http/api/content/license/license.go:108.19,111.3 2 0
github.com/hahaclassic/orpheon/backend/internal/controller/http/api/content/license/license.go:113.2,114.53 2 0
github.com/hahaclassic/orpheon/backend/internal/controller/http/api/content/license/license.go:114.53,117.3 2 0
github.com/hahaclassic/orpheon/backend/internal/controller/http/api/content/license/license.go:119.2,119.96 1 0
github.com/hahaclassic/orpheon/backend/internal/controller/http/api/content/license/license.go:119.96,120.45 1 0
github.com/hahaclassic/orpheon/backend/internal/controller/http/api/content/license/license.go:120.45,123.4 2 0
github.com/hahaclassic/orpheon/backend/internal/controller/http/api/content/license/license.go:125.3,126.9 2 0
github.com/hahaclassic/orpheon/backend/internal/controller/http/api/content/license/license.go:129.2,129.80 1 0
github.com/hahaclassic/orpheon/backend/internal/controller/http/api/content/license/license.go:146.61,148.19 2 0
github.com/hahaclassic/orpheon/backend/internal/controller/http/api/content/license/license.go:148.19,151.3 2 0
github.com/hahaclassic/orpheon/backend/internal/controller/http/api/content/license/license.go:153.2,154.16 2 0
github.com/hahaclassic/orpheon/backend/internal/controller/http/api/content/license/license.go:154.16,157.3 2 0
github.com/hahaclassic/orpheon/backend/internal/controller/http/api/content/license/license.go:159.2,160.53 2 0
github.com/hahaclassic/orpheon/backend/internal/controller/http/api/content/license/license.go:160.53,163.3 2 0
github.com/hahaclassic/orpheon/backend/internal/controller/http/api/content/license/license.go:165.2,167.96 2 0
github.com/hahaclassic/orpheon/backend/internal/controller/http/api/content/license/license.go:167.96,168.45 1 0
github.com/hahaclassic/orpheon/backend/internal/controller/http/api/content/license/license.go:168.45,171.4 2 0
github.com/hahaclassic/orpheon/backend/internal/controller/http/api/content/license/license.go:173.3,174.9 2 0
github.com/hahaclassic/orpheon/backend/internal/controller/http/api/content/license/license.go:177.2,177.75 1 0
github.com/hahaclassic/orpheon/backend/internal/controller/http/api/content/license/license.go:192.61,194.19 2 0
github.com/hahaclassic/orpheon/backend/internal/controller/http/api/content/license/license.go:194.19,197.3 2 0
github.com/hahaclassic/orpheon/backend/internal/controller/http/api/content/license/license.go:199.2,200.16 2 0
github.com/hahaclassic/orpheon/backend/internal/controller/http/api/content/license/license.go:200.16,203.3 2 0
github.com/hahaclassic/orpheon/backend/internal/controller/http/api/content/license/license.go:205.2,205.97 1 0
github.com/hahaclassic/orpheon/backend/internal/controller/http/api/content/license/license.go:205.97,206.45 1 0
github.com/hahaclassic/orpheon/backend/internal/controller/http/api/content/license/license.go:206.45,209.4 2 0
github.com/hahaclassic/orpheon/backend/internal/controller/http/api/content/license/license.go:211.3,212.9 2 0
github.com/hahaclassic/orpheon/backend/internal/controller/http/api/content/license/license.go:215.2,215.75 1 0
github.com/hahaclassic/orpheon/backend/internal/controller/http/api/content/artist/assign.go:21.67,23.2 1 0
github.com/hahaclassic/orpheon/backend/internal/controller/http/api/content/artist/assign.go:25.72,27.19 2 0
github.com/hahaclassic/orpheon/backend/internal/controller/http/api/content/artist/assign.go:27.19,30.3 2 0
github.com/hahaclassic/orpheon/backend/internal/controller/http/api/content/artist/assign.go:32.2,33.16 2 0
github.com/hahaclassic/orpheon/backend/internal/controller/http/api/content/artist/assign.go:33.16,36.3 2 0
github.com/hahaclassic/orpheon/backend/internal/controller/http/api/content/artist/assign.go:38.2,39.16 2 0
github.com/hahaclassic/orpheon/backend/internal/controller/http/api/content/artist/assign.go:39.16,42.3 2 0
github.com/hahaclassic/orpheon/backend/internal/controller/http/api/content/artist/assign.go:44.2,45.16 2 0
github.com/hahaclassic/orpheon/backend/internal/controller/http/api/content/artist/assign.go:45.16,46.45 1 0
github.com/hahaclassic/orpheon/backend/internal/controller/http/api/content/artist/assign.go:46.45,48.4 1 0
github.com/hahaclassic/orpheon/backend/internal/controller/http/api/content/artist/assign.go:48.9,50.4 1 0
github.com/hahaclassic/orpheon/backend/internal/controller/http/api/content/artist/assign.go:51.3,51.9 1 0
github.com/hahaclassic/orpheon/backend/internal/controller/http/api/content/artist/assign.go:54.2,54.84 1 0
github.com/hahaclassic/orpheon/backend/internal/controller/http/api/content/artist/assign.go:57.72,59.19 2 0
github.com/hahaclassic/orpheon/backend/internal/controller/http/api/content/artist/assign.go:59.19,62.3 2 0
github.com/hahaclassic/orpheon/backend/internal/controller/http/api/content/artist/assign.go:64.2,65.16 2 0
github.com/hahaclassic/orpheon/backend/internal/controller/http/api/content/artist/assign.go:65.16,68.3 2 0
github.com/hahaclassic/orpheon/backend/internal/controller/http/api/content/artist/assign.go:70.2,71.16 2 0
github.com/hahaclassic/orpheon/backend/internal/controller/http/api/content/artist/assign.go:71.16,74.3 2 0
github.com/hahaclassic/orpheon/backend/internal/controller/http/api/content/artist/assign.go:76.2,77.16 2 0
github.com/hahaclassic/orpheon/backend/internal/controller/http/api/content/artist/assign.go:77.16,78.45 1 0
github.com/hahaclassic/orpheon/backend/internal/controller/http/api/content/artist/assign.go:78.45,80.4 1 0
github.com/hahaclassic/orpheon/backend/internal/controller/http/api/content/artist/assign.go:80.9,82.4 1 0
github.com/hahaclassic/orpheon/backend/internal/controller/http/api/content/artist/assign.go:83.3,83.9 1 0
github.com/hahaclassic/orpheon/backend/internal/controller/http/api/content/artist/assign.go:86.2,86.84 1 0
github.com/hahaclassic/orpheon/backend/internal/controller/http/api/content/artist/assign.go:89.70,91.16 2 0
github.com/hahaclassic/orpheon/backend/internal/controller/http/api/content/artist/assign.go:91.16,94.3 2 0
github.com/hahaclassic/orpheon/backend/internal/controller/http/api/content/artist/assign.go:96.2,97.16 2 0
github.com/hahaclassic/orpheon/backend/internal/controller/http/api/content/artist/assign.go:97.16,100.3 2 0
github.com/hahaclassic/orpheon/backend/internal/controller/http/api/content/artist/assign.go:102.2,103.16 2 0
github.com/hahaclassic/orpheon/backend/internal/controller/http/api/content/artist/assign.go:103.16,106.3 2 0
github.com/hahaclassic/orpheon/backend/internal/controller/http/api/content/artist/assign.go:108.2,108.37 1 0
github.com/hahaclassic/orpheon/backend/internal/controller/http/api/content/artist/assign.go:111.70,113.16 2 0
github.com/hahaclassic/orpheon/backend/internal/controller/http/api/content/artist/assign.go:113.16,116.3 2 0
github.com/hahaclassic/orpheon/backend/internal/controller/http/api/content/artist/assign.go:118.2,119.16 2 0
github.com/hahaclassic/orpheon/backend/internal/controller/http/api/content/artist/assign.go:119.16,122.3 2 0
github.com/hahaclassic/orpheon/backend/internal/controller/http/api/content/artist/assign.go:124.2,125.16 2 0
github.com/hahaclassic/orpheon/backend/internal/controller/http/api/content/artist/assign.go:125.16,128.3 2 0
github.com/hahaclassic/orpheon/backend/internal/controller/http/api/content/artist/assign.go:130.2,130.37 1 0
github.com/hahaclassic/orpheon/backend/internal/controller/http/api/content/artist/assign.go:133.76,135.19 2 0
github.com/hahaclassic/orpheon/backend/internal/controller/http/api/content/artist/assign.go:135.19,138.3 2 0
github.com/hahaclassic/orpheon/backend/internal/controller/http/api/content/artist/assign.go:140.2,141.16 2 0
github.com/hahaclassic/orpheon/backend/internal/controller/http/api/content/artist/assign.go:141.16,144.3 2 0
github.com/hahaclassic/orpheon/backend/internal/controller/http/api/content/artist/assign.go:146.2,147.16 2 0
github.com/hahaclassic/orpheon/backend/internal/controller/http/api/content/artist/assign.go:147.16,150.3 2 0
github.com/hahaclassic/orpheon/backend/internal/controller/http/api/content/artist/assign.go:152.2,153.16 2 0
github.com/hahaclassic/orpheon/backend/internal/controller/http/api/content/artist/assign.go:153.16,154.45 1 0
github.com/hahaclassic/orpheon/backend/internal/controller/http/api/content/artist/assign.go:154.45,156.4 1 0
github.com/hahaclassic/orpheon/backend/internal/controller/http/api/content/artist/assign.go:156.9,158.4 1 0
github.com/hahaclassic/orpheon/backend/internal/controller/http/api/content/artist/assign.go:159.3,159.9 1 0
github.com/hahaclassic/orpheon/backend/internal/controller/http/api/content/artist/assign.go:162.2,162.85 1 0
github.com/hahaclassic/orpheon/backend/internal/controller/http/api/content/artist/assign.go:165.76,167.19 2 0
github.com/hahaclassic/orpheon/backend/internal/controller/http/api/content/artist/assign.go:167.19,170.3 2 0
github.com/hahaclassic/orpheon/backend/internal/controller/http/api/content/artist/assign.go:172.2,173.16 2 0
github.com/hahaclassic/orpheon/backend/internal/controller/http/api/content/artist/assign.go:173.16,176.3 2 0
github.com/hahaclassic/orpheon/backend/internal/controller/http/api/content/artist/assign.go:178.2,179.16 2 0
github.com/hahaclassic/orpheon/backend/internal/controller/http/api/content/artist/assign.go:179.16,182.3 2 0
github.com/hahaclassic/orpheon/backend/internal/controller/http/api/content/artist/assign.go:184.2,185.16 2 0
github.com/hahaclassic/orpheon/backend/internal/controller/http/api/content/artist/assign.go:185.16,186.45 1 0
github.com/hahaclassic/orpheon/backend/internal/controller/http/api/content/artist/assign.go:186.45,188.4 1 0
github.com/hahaclassic/orpheon/backend/internal/controller/http/api/content/artist/assign.go:188.9,190.4 1 0
github.com/hahaclassic/orpheon/backend/internal/controller/http/api/content/artist/assign.go:191.3,191.9 1 0
github.com/hahaclassic/orpheon/backend/internal/controller/http/api/content/artist/assign.go:194.2,194.85 1 0
github.com/hahaclassic/orpheon/backend/internal/controller/http/api/content/artist/avatar.go:22.92,24.2 1 0
github.com/hahaclassic/orpheon/backend/internal/controller/http/api/content/artist/avatar.go:26.65,28.19 2 0
github.com/hahaclassic/orpheon/backend/internal/controller/http/api/content/artist/avatar.go:28.19,31.3 2 0
github.com/hahaclassic/orpheon/backend/internal/controller/http/api/content/artist/avatar.go:33.2,34.16 2 0
github.com/hahaclassic/orpheon/backend/internal/controller/http/api/content/artist/avatar.go:34.16,37.3 2 0
github.com/hahaclassic/orpheon/backend/internal/controller/http/api/content/artist/avatar.go:39.2,39.84 1 0
github.com/hahaclassic/orpheon/backend/internal/controller/http/api/content/artist/avatar.go:39.84,40.45 1 0
github.com/hahaclassic/orpheon/backend/internal/controller/http/api/content/artist/avatar.go:40.45,42.4 1 0
github.com/hahaclassic/orpheon/backend/internal/controller/http/api/content/artist/avatar.go:42.9,44.4 1 0
github.com/hahaclassic/orpheon/backend/internal/controller/http/api/content/artist/avatar.go:45.3,45.9 1 0
github.com/hahaclassic/orpheon/backend/internal/controller/http/api/content/artist/avatar.go:48.2,48.75 1 0
github.com/hahaclassic/orpheon/backend/internal/controller/http/api/content/artist/avatar.go:51.62,53.16 2 0
github.com/hahaclassic/orpheon/backend/internal/controller/http/api/content/artist/avatar.go:53.16,56.3 2 0
github.com/hahaclassic/orpheon/backend/internal/controller/http/api/content/artist/avatar.go:58.2,59.16 2 0
github.com/hahaclassic/orpheon/backend/internal/controller/http/api/content/artist/avatar.go:59.16,62.3 2 0
github.com/hahaclassic/orpheon/backend/internal/controller/http/api/content/artist/avatar.go:64.2,68.52 3 0
github.com/hahaclassic/orpheon/backend/internal/controller/http/api/content/artist/avatar.go:72.65,74.19 2 0
github.com/hahaclassic/orpheon/backend/internal/controller/http/api/content/artist/avatar.go:74.19,77.3 2 0
github.com/hahaclassic/orpheon/backend/internal/controller/http/api/content/artist/avatar.go:79.2,80.16 2 0
github.com/hahaclassic/orpheon/backend/internal/controller/http/api/content/artist/avatar.go:80.16,83.3 2 0
github.com/hahaclassic/orpheon/backend/internal/controller/http/api/content/artist/avatar.go:85.2,85.87 1 0
github.com/hahaclassic/orpheon/backend/internal/controller/http/api/content/artist/avatar.go:85.87,86.45 1 0
github.com/hahaclassic/orpheon/backend/internal/controller/http/api/content/artist/avatar.go:86.45,88.4 1 0
github.com/hahaclassic/orpheon/backend/internal/controller/http/api/content/artist/avatar.go:88.9,90.4 1 0
github.com/hahaclassic/orpheon/backend/internal/controller/http/api/content/artist/avatar.go:91.3,91.9 1 0
github.com/hahaclassic/orpheon/backend/internal/controller/http/api/content/artist/avatar.go:93.2,93.74 1 0
github.com/hahaclassic/orpheon/backend/internal/controller/http/api/content/artist/avatar.go:96.90,98.16 2 0
github.com/hahaclassic/orpheon/backend/internal/controller/http/api/content/artist/avatar.go:98.16,100.3 1 0
github.com/hahaclassic/orpheon/backend/internal/controller/http/api/content/artist/avatar.go:102.2,103.16 2 0
github.com/hahaclassic/orpheon/backend/internal/controller/http/api/content/artist/avatar.go:103.16,105.3 1 0
github.com/hahaclassic/orpheon/backend/internal/controller/http/api/content/artist/avatar.go:107.2,107.30 1 0
github.com/hahaclassic/orpheon/backend/internal/controller/http/api/content/artist/avatar.go:107.30,109.3 1 0
github.com/hahaclassic/orpheon/backend/internal/controller/http/api/content/artist/avatar.go:111.2,112.63 2 0
github.com/hahaclassic/orpheon/backend/internal/controller/http/api/content/artist/avatar.go:112.63,114.3 1 0
github.com/hahaclassic/orpheon/backend/internal/controller/http/api/content/artist/avatar.go:116.2,117.16 2 0
github.com/hahaclassic/orpheon/backend/internal/controller/http/api/content/artist/avatar.go:117.16,119.3 1 0
github.com/hahaclassic/orpheon/backend/internal/controller/http/api/content/artist/avatar.go:121.2,122.46 2 0
github.com/hahaclassic/orpheon/backend/internal/controller/http/api/content/artist/avatar.go:122.46,124.3 1 0
github.com/hahaclassic/orpheon/backend/internal/controller/http/api/content/artist/avatar.go:126.2,129.8 1 0
github.com/hahaclassic/orpheon/backend/internal/controller/http/api/content/artist/meta.go:19.92,23.2 1 0
github.com/hahaclassic/orpheon/backend/internal/controller/http/api/content/artist/meta.go:36.60,38.16 2 0
github.com/hahaclassic/orpheon/backend/internal/controller/http/api/content/artist/meta.go:38.16,41.3 2 0
github.com/hahaclassic/orpheon/backend/internal/controller/http/api/content/artist/meta.go:43.2,44.16 2 0
github.com/hahaclassic/orpheon/backend/internal/controller/http/api/content/artist/meta.go:44.16,47.3 2 0
github.com/hahaclassic/orpheon/backend/internal/controller/http/api/content/artist/meta.go:49.2,49.33 1 0
github.com/hahaclassic/orpheon/backend/internal/controller/http/api/content/artist/meta.go:52.64,54.16 2 0
github.com/hahaclassic/orpheon/backend/internal/controller/http/api/content/artist/meta.go:54.16,57.3 2 0
github.com/hahaclassic/orpheon/backend/internal/controller/http/api/content/artist/meta.go:59.2,59.34 1 0
github.com/hahaclassic/orpheon/backend/internal/controller/http/api/content/artist/meta.go:74.63,76.19 2 0
github.com/hahaclassic/orpheon/backend/internal/controller/http/api/content/artist/meta.go:76.19,79.3 2 0
github.com/hahaclassic/orpheon/backend/internal/controller/http/api/content/artist/meta.go:81.2,82.52 2 0
github.com/hahaclassic/orpheon/backend/internal/controller/http/api/content/artist/meta.go:82.52,85.3 2 0
github.com/hahaclassic/orpheon/backend/internal/controller/http/api/content/artist/meta.go:87.2,88.16 2 0
github.com/hahaclassic/orpheon/backend/internal/controller/http/api/content/artist/meta.go:88.16,89.45 1 0
github.com/hahaclassic/orpheon/backend/internal/controller/http/api/content/artist/meta.go:89.45,91.4 1 0
github.com/hahaclassic/orpheon/backend/internal/controller/http/api/content/artist/meta.go:91.9,93.4 1 0
github.com/hahaclassic/orpheon/backend/internal/controller/http/api/content/artist/meta.go:94.3,94.9 1 0
github.com/hahaclassic/orpheon/backend/internal/controller/http/api/content/artist/meta.go:97.2,97.32 1 0
github.com/hahaclassic/orpheon/backend/internal/controller/http/api/content/artist/meta.go:114.63,116.19 2 0
github.com/hahaclassic/orpheon/backend/internal/controller/http/api/content/artist/meta.go:116.19,119.3 2 0
github.com/hahaclassic/orpheon/backend/internal/controller/http/api/content/artist/meta.go:121.2,122.16 2 0
github.com/hahaclassic/orpheon/backend/internal/controller/http/api/content/artist/meta.go:122.16,125.3 2 0
github.com/hahaclassic/orpheon/backend/internal/controller/http/api/content/artist/meta.go:127.2,128.52 2 0
github.com/hahaclassic/orpheon/backend/internal/controller/http/api/content/artist/meta.go:128.52,131.3 2 0
github.com/hahaclassic/orpheon/backend/internal/controller/http/api/content/artist/meta.go:133.2,135.16 3 0
github.com/hahaclassic/orpheon/backend/internal/controller/http/api/content/artist/meta.go:135.16,136.45 1 0
github.com/hahaclassic/orpheon/backend/internal/controller/http/api/content/artist/meta.go:136.45,138.4 1 0
github.com/hahaclassic/orpheon/backend/internal/controller/http/api/content/artist/meta.go:138.9,140.4 1 0
github.com/hahaclassic/orpheon/backend/internal/controller/http/api/content/artist/meta.go:141.3,141.9 1 0
github.com/hahaclassic/orpheon/backend/internal/controller/http/api/content/artist/meta.go:144.2,144.32 1 0
github.com/hahaclassic/orpheon/backend/internal/controller/http/api/content/artist/meta.go:159.63,161.19 2 0
github.com/hahaclassic/orpheon/backend/internal/controller/http/api/content/artist/meta.go:161.19,164.3 2 0
github.com/hahaclassic/orpheon/backend/internal/controller/http/api/content/artist/meta.go:166.2,167.16 2 0
github.com/hahaclassic/orpheon/backend/internal/controller/http/api/content/artist/meta.go:167.16,170.3 2 0
github.com/hahaclassic/orpheon/backend/internal/controller/http/api/content/artist/meta.go:172.2,173.16 2 0
github.com/hahaclassic/orpheon/backend/internal/controller/http/api/content/artist/meta.go:173.16,174.45 1 0
github.com/hahaclassic/orpheon/backend/internal/controller/http/api/content/artist/meta.go:174.45,176.4 1 0
github.com/hahaclassic/orpheon/backend/internal/controller/http/api/content/artist/meta.go:176.9,178.4 1 0
github.com/hahaclassic/orpheon/backend/internal/controller/http/api/content/artist/meta.go:179.3,179.9 1 0
github.com/hahaclassic/orpheon/backend/internal/controller/http/api/content/artist/meta.go:182.2,182.34 1 0
github.com/hahaclassic/orpheon/backend/internal/controller/http/api/content/search/search.go:27.52,34.2 1 0
github.com/hahaclassic/orpheon/backend/internal/controller/http/api/content/search/search.go:36.68,39.2 3 0
github.com/hahaclassic/orpheon/backend/internal/controller/http/api/content/search/search.go:39.2,41.3 1 0
github.com/hahaclassic/orpheon/backend/internal/controller/http/api/content/search/search.go:44.96,46.16 2 0
github.com/hahaclassic/orpheon/backend/internal/controller/http/api/content/search/search.go:46.16,48.3 1 0
github.com/hahaclassic/orpheon/backend/internal/controller/http/api/content/search/search.go:49.2,50.16 2 0
github.com/hahaclassic/orpheon/backend/internal/controller/http/api/content/search/search.go:50.16,52.3 1 0
github.com/hahaclassic/orpheon/backend/internal/controller/http/api/content/search/search.go:54.2,57.16 4 0
github.com/hahaclassic/orpheon/backend/internal/controller/http/api/content/search/search.go:57.16,59.3 1 0
github.com/hahaclassic/orpheon/backend/internal/controller/http/api/content/search/search.go:61.2,70.27 2 0
github.com/hahaclassic/orpheon/backend/internal/controller/http/api/content/search/search.go:73.53,75.16 2 0
github.com/hahaclassic/orpheon/backend/internal/controller/http/api/content/search/search.go:75.16,78.3 2 0
github.com/hahaclassic/orpheon/backend/internal/controller/http/api/content/search/search.go:80.2,88.9 3 0
github.com/hahaclassic/orpheon/backend/internal/controller/http/api/content/search/search.go:88.9,91.3 2 0
github.com/hahaclassic/orpheon/backend/internal/controller/http/api/content/search/search.go:92.2,92.32 1 0
github.com/hahaclassic/orpheon/backend/internal/controller/http/api/content/search/search.go:95.96,97.16 2 0
github.com/hahaclassic/orpheon/backend/internal/controller/http/api/content/search/search.go:97.16,100.3 2 0
github.com/hahaclassic/orpheon/backend/internal/controller/http/api/content/search/search.go:101.2,102.16 2 0
github.com/hahaclassic/orpheon/backend/internal/controller/http/api/content/search/search.go:102.16,105.3 2 0
github.com/hahaclassic/orpheon/backend/internal/controller/http/api/content/search/search.go:106.2,106.37 1 0
github.com/hahaclassic/orpheon/backend/internal/controller/http/api/content/search/search.go:109.96,111.16 2 0
github.com/hahaclassic/orpheon/backend/internal/controller/http/api/content/search/search.go:111.16,114.3 2 0
github.com/hahaclassic/orpheon/backend/internal/controller/http/api/content/search/search.go:115.2,116.16 2 0
github.com/hahaclassic/orpheon/backend/internal/controller/http/api/content/search/search.go:116.16,119.3 2 0
github.com/hahaclassic/orpheon/backend/internal/controller/http/api/content/search/search.go:120.2,120.37 1 0
github.com/hahaclassic/orpheon/backend/internal/controller/http/api/content/search/search.go:123.97,125.16 2 0
github.com/hahaclassic/orpheon/backend/internal/controller/http/api/content/search/search.go:125.16,128.3 2 0
github.com/hahaclassic/orpheon/backend/internal/controller/http/api/content/search/search.go:129.2,129.33 1 0
github.com/hahaclassic/orpheon/backend/internal/controller/http/api/content/search/search.go:132.99,136.16 3 0
github.com/hahaclassic/orpheon/backend/internal/controller/http/api/content/search/search.go:136.16,139.3 2 0
github.com/hahaclassic/orpheon/backend/internal/controller/http/api/content/search/search.go:141.2,142.16 2 0
github.com/hahaclassic/orpheon/backend/internal/controller/http/api/content/search/search.go:142.16,145.3 2 0
github.com/hahaclassic/orpheon/backend/internal/controller/http/api/content/search/search.go:147.2,147.37 1 0
github.com/hahaclassic/orpheon/backend/internal/controller/http/api/content/album/cover.go:22.85,24.2 1 0
github.com/hahaclassic/orpheon/backend/internal/controller/http/api/content/album/cover.go:26.62,28.19 2 0
github.com/hahaclassic/orpheon/backend/internal/controller/http/api/content/album/cover.go:28.19,31.3 2 0
github.com/hahaclassic/orpheon/backend/internal/controller/http/api/content/album/cover.go:33.2,34.16 2 0
github.com/hahaclassic/orpheon/backend/internal/controller/http/api/content/album/cover.go:34.16,37.3 2 0
github.com/hahaclassic/orpheon/backend/internal/controller/http/api/content/album/cover.go:39.2,39.84 1 0
github.com/hahaclassic/orpheon/backend/internal/controller/http/api/content/album/cover.go:39.84,40.45 1 0
github.com/hahaclassic/orpheon/backend/internal/controller/http/api/content/album/cover.go:40.45,42.4 1 0
github.com/hahaclassic/orpheon/backend/internal/controller/http/api/content/album/cover.go:42.9,44.4 1 0
github.com/hahaclassic/orpheon/backend/internal/controller/http/api/content/album/cover.go:45.3,45.9 1 0
github.com/hahaclassic/orpheon/backend/internal/controller/http/api/content/album/cover.go:48.2,48.74 1 0
github.com/hahaclassic/orpheon/backend/internal/controller/http/api/content/album/cover.go:51.59,53.16 2 0
github.com/hahaclassic/orpheon/backend/internal/controller/http/api/content/album/cover.go:53.16,56.3 2 0
github.com/hahaclassic/orpheon/backend/internal/controller/http/api/content/album/cover.go:58.2,59.16 2 0
github.com/hahaclassic/orpheon/backend/internal/controller/http/api/content/album/cover.go:59.16,62.3 2 0
github.com/hahaclassic/orpheon/backend/internal/controller/http/api/content/album/cover.go:64.2,68.51 3 0
github.com/hahaclassic/orpheon/backend/internal/controller/http/api/content/album/cover.go:71.62,73.19 2 0
github.com/hahaclassic/orpheon/backend/internal/controller/http/api/content/album/cover.go:73.19,76.3 2 0
github.com/hahaclassic/orpheon/backend/internal/controller/http/api/content/album/cover.go:78.2,79.16 2 0
github.com/hahaclassic/orpheon/backend/internal/controller/http/api/content/album/cover.go:79.16,82.3 2 0
github.com/hahaclassic/orpheon/backend/internal/controller/http/api/content/album/cover.go:84.2,84.86 1 0
github.com/hahaclassic/orpheon/backend/internal/controller/http/api/content/album/cover.go:84.86,85.45 1 0
github.com/hahaclassic/orpheon/backend/internal/controller/http/api/content/album/cover.go:85.45,87.4 1 0
github.com/hahaclassic/orpheon/backend/internal/controller/http/api/content/album/cover.go:87.9,89.4 1 0
github.com/hahaclassic/orpheon/backend/internal/controller/http/api/content/album/cover.go:90.3,90.9 1 0
github.com/hahaclassic/orpheon/backend/internal/controller/http/api/content/album/cover.go:92.2,92.73 1 0
github.com/hahaclassic/orpheon/backend/internal/controller/http/api/content/album/cover.go:95.86,97.16 2 0
github.com/hahaclassic/orpheon/backend/internal/controller/http/api/content/album/cover.go:97.16,99.3 1 0
github.com/hahaclassic/orpheon/backend/internal/controller/http/api/content/album/cover.go:101.2,102.16 2 0
github.com/hahaclassic/orpheon/backend/internal/controller/http/api/content/album/cover.go:102.16,104.3 1 0
github.com/hahaclassic/orpheon/backend/internal/controller/http/api/content/album/cover.go:106.2,106.30 1 0
github.com/hahaclassic/orpheon/backend/internal/controller/http/api/content/album/cover.go:106.30,108.3 1 0
github.com/hahaclassic/orpheon/backend/internal/controller/http/api/content/album/cover.go:110.2,111.63 2 0
github.com/hahaclassic/orpheon/backend/internal/controller/http/api/content/album/cover.go:111.63,113.3 1 0
github.com/hahaclassic/orpheon/backend/internal/controller/http/api/content/album/cover.go:115.2,116.16 2 0
github.com/hahaclassic/orpheon/backend/internal/controller/http/api/content/album/cover.go:116.16,118.3 1 0
github.com/hahaclassic/orpheon/backend/internal/controller/http/api/content/album/cover.go:120.2,121.46 2 0
github.com/hahaclassic/orpheon/backend/internal/controller/http/api/content/album/cover.go:121.46,123.3 1 0
github.com/hahaclassic/orpheon/backend/internal/controller/http/api/content/album/cover.go:125.2,128.8 1 0
github.com/hahaclassic/orpheon/backend/internal/controller/http/api/content/album/meta.go:22.124,27.2 1 0
github.com/hahaclassic/orpheon/backend/internal/controller/http/api/content/album/meta.go:29.54,31.16 2 0
github.com/hahaclassic/orpheon/backend/internal/controller/http/api/content/album/meta.go:31.16,34.3 2 0
github.com/hahaclassic/orpheon/backend/internal/controller/http/api/content/album/meta.go:36.2,37.16 2 0
github.com/hahaclassic/orpheon/backend/internal/controller/http/api/content/album/meta.go:37.16,40.3 2 0
github.com/hahaclassic/orpheon/backend/internal/controller/http/api/content/album/meta.go:42.2,42.18 1 0
github.com/hahaclassic/orpheon/backend/internal/controller/http/api/content/album/meta.go:42.18,45.3 2 0
github.com/hahaclassic/orpheon/backend/internal/controller/http/api/content/album/meta.go:47.2,48.16 2 0
github.com/hahaclassic/orpheon/backend/internal/controller/http/api/content/album/meta.go:48.16,51.3 2 0
github.com/hahaclassic/orpheon/backend/internal/controller/http/api/content/album/meta.go:53.2,53.40 1 0
github.com/hahaclassic/orpheon/backend/internal/controller/http/api/content/album/meta.go:56.58,58.16 2 0
github.com/hahaclassic/orpheon/backend/internal/controller/http/api/content/album/meta.go:58.16,61.3 2 0
github.com/hahaclassic/orpheon/backend/internal/controller/http/api/content/album/meta.go:63.2,64.16 2 0
github.com/hahaclassic/orpheon/backend/internal/controller/http/api/content/album/meta.go:64.16,67.3 2 0
github.com/hahaclassic/orpheon/backend/internal/controller/http/api/content/album/meta.go:69.2,69.37 1 0
github.com/hahaclassic/orpheon/backend/internal/controller/http/api/content/album/meta.go:72.57,74.19 2 0
github.com/hahaclassic/orpheon/backend/internal/controller/http/api/content/album/meta.go:74.19,77.3 2 0
github.com/hahaclassic/orpheon/backend/internal/controller/http/api/content/album/meta.go:79.2,80.51 2 0
github.com/hahaclassic/orpheon/backend/internal/controller/http/api/content/album/meta.go:80.51,83.3 2 0
github.com/hahaclassic/orpheon/backend/internal/controller/http/api/content/album/meta.go:85.2,86.16 2 0
github.com/hahaclassic/orpheon/backend/internal/controller/http/api/content/album/meta.go:86.16,87.45 1 0
github.com/hahaclassic/orpheon/backend/internal/controller/http/api/content/album/meta.go:87.45,89.4 1 0
github.com/hahaclassic/orpheon/backend/internal/controller/http/api/content/album/meta.go:89.9,91.4 1 0
github.com/hahaclassic/orpheon/backend/internal/controller/http/api/content/album/meta.go:92.3,92.9 1 0
github.com/hahaclassic/orpheon/backend/internal/controller/http/api/content/album/meta.go:95.2,95.46 1 0
github.com/hahaclassic/orpheon/backend/internal/controller/http/api/content/album/meta.go:98.57,100.19 2 0
github.com/hahaclassic/orpheon/backend/internal/controller/http/api/content/album/meta.go:100.19,103.3 2 0
github.com/hahaclassic/orpheon/backend/internal/controller/http/api/content/album/meta.go:105.2,106.16 2 0
github.com/hahaclassic/orpheon/backend/internal/controller/http/api/content/album/meta.go:106.16,109.3 2 0
github.com/hahaclassic/orpheon/backend/internal/controller/http/api/content/album/meta.go:111.2,112.51 2 0
github.com/hahaclassic/orpheon/backend/internal/controller/http/api/content/album/meta.go:112.51,115.3 2 0
github.com/hahaclassic/orpheon/backend/internal/controller/http/api/content/album/meta.go:117.2,119.90 2 0
github.com/hahaclassic/orpheon/backend/internal/controller/http/api/content/album/meta.go:119.90,120.45 1 0
github.com/hahaclassic/orpheon/backend/internal/controller/http/api/content/album/meta.go:120.45,123.4 2 0
github.com/hahaclassic/orpheon/backend/internal/controller/http/api/content/album/meta.go:125.3,126.9 2 0
github.com/hahaclassic/orpheon/backend/internal/controller/http/api/content/album/meta.go:129.2,129.73 1 0
github.com/hahaclassic/orpheon/backend/internal/controller/http/api/content/album/meta.go:132.57,134.19 2 0
github.com/hahaclassic/orpheon/backend/internal/controller/http/api/content/album/meta.go:134.19,137.3 2 0
github.com/hahaclassic/orpheon/backend/internal/controller/http/api/content/album/meta.go:139.2,140.16 2 0
github.com/hahaclassic/orpheon/backend/internal/controller/http/api/content/album/meta.go:140.16,143.3 2 0
github.com/hahaclassic/orpheon/backend/internal/controller/http/api/content/album/meta.go:145.2,145.91 1 0
github.com/hahaclassic/orpheon/backend/internal/controller/http/api/content/album/meta.go:145.91,146.45 1 0
github.com/hahaclassic/orpheon/backend/internal/controller/http/api/content/album/meta.go:146.45,149.4 2 0
github.com/hahaclassic/orpheon/backend/internal/controller/http/api/content/album/meta.go:151.3,152.9 2 0
github.com/hahaclassic/orpheon/backend/internal/controller/http/api/content/album/meta.go:155.2,155.73 1 0
github.com/hahaclassic/orpheon/backend/internal/controller/http/api/content/album/tracks.go:17.136,22.2 1 0
github.com/hahaclassic/orpheon/backend/internal/controller/http/api/content/album/tracks.go:24.65,26.16 2 0
github.com/hahaclassic/orpheon/backend/internal/controller/http/api/content/album/tracks.go:26.16,29.3 2 0
github.com/hahaclassic/orpheon/backend/internal/controller/http/api/content/album/tracks.go:31.2,32.16 2 0
github.com/hahaclassic/orpheon/backend/internal/controller/http/api/content/album/tracks.go:32.16,35.3 2 0
github.com/hahaclassic/orpheon/backend/internal/controller/http/api/content/album/tracks.go:37.2,38.16 2 0
github.com/hahaclassic/orpheon/backend/internal/controller/http/api/content/album/tracks.go:38.16,41.3 2 0
github.com/hahaclassic/orpheon/backend/internal/controller/http/api/content/album/tracks.go:43.2,43.37 1 0
github.com/hahaclassic/orpheon/backend/internal/controller/http/router/router.go:11.65,16.41 3 0
github.com/hahaclassic/orpheon/backend/internal/controller/http/router/router.go:16.41,18.3 1 0
github.com/hahaclassic/orpheon/backend/internal/controller/http/router/router.go:20.2,20.15 1 0
github.com/hahaclassic/orpheon/backend/internal/controller/http/router/router-registrators/album/router.go:44.16,52.2 1 0
github.com/hahaclassic/orpheon/backend/internal/controller/http/router/router-registrators/album/router.go:54.63,63.2 7 0
github.com/hahaclassic/orpheon/backend/internal/controller/http/router/router-registrators/album/router.go:63.2,70.3 5 0
github.com/hahaclassic/orpheon/backend/internal/controller/http/router/router-registrators/album/router.go:72.2,77.2 5 0
github.com/hahaclassic/orpheon/backend/internal/controller/http/router/router-registrators/album/router.go:77.2,80.3 2 0
github.com/hahaclassic/orpheon/backend/internal/controller/http/router/router-registrators/track/router.go:47.47,56.2 1 0
github.com/hahaclassic/orpheon/backend/internal/controller/http/router/router-registrators/track/router.go:58.63,60.2 2 0
github.com/hahaclassic/orpheon/backend/internal/controller/http/router/router-registrators/track/router.go:60.2,66.3 5 0
github.com/hahaclassic/orpheon/backend/internal/controller/http/router/router-registrators/track/router.go:66.3,71.4 4 0
github.com/hahaclassic/orpheon/backend/internal/controller/http/router/router-registrators/track/router.go:73.3,74.3 2 0
github.com/hahaclassic/orpheon/backend/internal/controller/http/router/router-registrators/track/router.go:74.3,78.4 4 0
github.com/hahaclassic/orpheon/backend/internal/controller/http/router/router-registrators/track/router.go:78.4,81.5 2 0
github.com/hahaclassic/orpheon/backend/internal/controller/http/router/router-registrators/artist/router.go:42.17,49.2 1 0
github.com/hahaclassic/orpheon/backend/internal/controller/http/router/router-registrators/artist/router.go:51.64,61.2 8 0
github.com/hahaclassic/orpheon/backend/internal/controller/http/router/router-registrators/artist/router.go:61.2,70.3 7 0
github.com/hahaclassic/orpheon/backend/internal/controller/http/router/router-registrators/artist/router.go:72.2,77.2 5 0
github.com/hahaclassic/orpheon/backend/internal/controller/http/router/router-registrators/artist/router.go:77.2,80.3 2 0
github.com/hahaclassic/orpheon/backend/internal/controller/http/middleware/auth.go:13.75,14.30 1 0
github.com/hahaclassic/orpheon/backend/internal/controller/http/middleware/auth.go:14.30,18.17 3 0
github.com/hahaclassic/orpheon/backend/internal/controller/http/middleware/auth.go:18.17,21.4 2 0
github.com/hahaclassic/orpheon/backend/internal/controller/http/middleware/auth.go:23.3,24.17 2 0
github.com/hahaclassic/orpheon/backend/internal/controller/http/middleware/auth.go:24.17,26.44 2 0
github.com/hahaclassic/orpheon/backend/internal/controller/http/middleware/auth.go:26.44,28.5 1 0
github.com/hahaclassic/orpheon/backend/internal/controller/http/middleware/auth.go:28.10,30.5 1 0
github.com/hahaclassic/orpheon/backend/internal/controller/http/middleware/auth.go:31.4,32.10 2 0
github.com/hahaclassic/orpheon/backend/internal/controller/http/middleware/auth.go:35.3,36.11 2 0
github.com/hahaclassic/orpheon/backend/internal/controller/http/middleware/auth.go:40.75,41.30 1 0
github.com/hahaclassic/orpheon/backend/internal/controller/http/middleware/auth.go:41.30,45.17 3 0
github.com/hahaclassic/orpheon/backend/internal/controller/http/middleware/auth.go:45.17,47.4 1 0
github.com/hahaclassic/orpheon/backend/internal/controller/http/middleware/auth.go:49.3,50.17 2 0
github.com/hahaclassic/orpheon/backend/internal/controller/http/middleware/auth.go:50.17,52.4 1 0
github.com/hahaclassic/orpheon/backend/internal/controller/http/middleware/auth.go:54.3,55.11 2 0
github.com/hahaclassic/orpheon/backend/internal/controller/http/middleware/auth_v2.go:25.117,30.2 1 0
github.com/hahaclassic/orpheon/backend/internal/controller/http/middleware/auth_v2.go:32.53,33.30 1 0
github.com/hahaclassic/orpheon/backend/internal/controller/http/middleware/auth_v2.go:33.30,35.17 2 0
github.com/hahaclassic/orpheon/backend/internal/controller/http/middleware/auth_v2.go:35.17,39.4 2 0
github.com/hahaclassic/orpheon/backend/internal/controller/http/middleware/auth_v2.go:41.3,41.11 1 0
github.com/hahaclassic/orpheon/backend/internal/controller/http/middleware/auth_v2.go:45.53,46.30 1 0
github.com/hahaclassic/orpheon/backend/internal/controller/http/middleware/auth_v2.go:46.30,49.3 2 0
github.com/hahaclassic/orpheon/backend/internal/controller/http/middleware/auth_v2.go:52.58,54.37 2 0
github.com/hahaclassic/orpheon/backend/internal/controller/http/middleware/auth_v2.go:54.37,56.39 2 0
github.com/hahaclassic/orpheon/backend/internal/controller/http/middleware/auth_v2.go:56.39,58.4 1 0
github.com/hahaclassic/orpheon/backend/internal/controller/http/middleware/auth_v2.go:60.3,61.17 2 0
github.com/hahaclassic/orpheon/backend/internal/controller/http/middleware/auth_v2.go:61.17,63.4 1 0
github.com/hahaclassic/orpheon/backend/internal/controller/http/middleware/auth_v2.go:65.3,66.30 2 0
github.com/hahaclassic/orpheon/backend/internal/controller/http/middleware/auth_v2.go:69.2,70.42 2 0
github.com/hahaclassic/orpheon/backend/internal/controller/http/middleware/auth_v2.go:70.42,72.3 1 0
github.com/hahaclassic/orpheon/backend/internal/controller/http/middleware/auth_v2.go:72.8,72.23 1 0
github.com/hahaclassic/orpheon/backend/internal/controller/http/middleware/auth_v2.go:72.23,74.3 1 0
github.com/hahaclassic/orpheon/backend/internal/controller/http/middleware/auth_v2.go:76.2,78.12 2 0
github.com/hahaclassic/orpheon/backend/internal/controller/http/middleware/cors.go:5.39,6.30 1 0
github.com/hahaclassic/orpheon/backend/internal/controller/http/middleware/cors.go:6.30,13.36 6 0
github.com/hahaclassic/orpheon/backend/internal/controller/http/middleware/cors.go:13.36,16.4 2 0
github.com/hahaclassic/orpheon/backend/internal/controller/http/middleware/cors.go:18.3,18.11 1 0
github.com/hahaclassic/orpheon/backend/internal/controller/http/router/router-registrators/playlist/router.go:38.19,45.2 1 0
github.com/hahaclassic/orpheon/backend/internal/controller/http/router/router-registrators/playlist/router.go:47.66,50.2 3 0
github.com/hahaclassic/orpheon/backend/internal/controller/http/router/router-registrators/playlist/router.go:50.2,56.3 5 0
github.com/hahaclassic/orpheon/backend/internal/controller/http/router/router-registrators/playlist/router.go:58.2,59.2 2 0
github.com/hahaclassic/orpheon/backend/internal/controller/http/router/router-registrators/playlist/router.go:59.2,63.3 3 0
github.com/hahaclassic/orpheon/backend/internal/controller/http/router/router-registrators/playlist/router.go:65.2,66.2 2 0
github.com/hahaclassic/orpheon/backend/internal/controller/http/router/router-registrators/playlist/router.go:66.2,71.3 4 0
github.com/hahaclassic/orpheon/backend/internal/controller/http/router/router-registrators/user-me/router.go:34.48,42.2 1 0
github.com/hahaclassic/orpheon/backend/internal/controller/http/router/router-registrators/user-me/router.go:44.64,47.2 3 0
github.com/hahaclassic/orpheon/backend/internal/controller/http/router/router-registrators/user-me/router.go:47.2,54.3 6 0
github.com/hahaclassic/orpheon/backend/internal/controller/http/router/router-registrators/user-me/router.go:56.2,57.2 2 0
github.com/hahaclassic/orpheon/backend/internal/controller/http/router/router-registrators/user-me/router.go:57.2,60.3 2 0
github.com/hahaclassic/orpheon/backend/internal/domain/entity/access-lvl.go:11.38,13.2 1 0
github.com/hahaclassic/orpheon/backend/internal/domain/entity/range.go:8.26,10.2 1 0
github.com/hahaclassic/orpheon/backend/internal/controller/http/utils/cookie/cookies.go:20.83,22.2 1 0
github.com/hahaclassic/orpheon/backend/internal/controller/http/utils/cookie/cookies.go:24.82,27.2 2 0
github.com/hahaclassic/orpheon/backend/internal/controller/http/utils/cookie/cookies.go:29.80,31.2 1 0
github.com/hahaclassic/orpheon/backend/internal/controller/http/utils/cookie/cookies.go:33.78,35.2 1 0
github.com/hahaclassic/orpheon/backend/internal/controller/http/utils/cookie/cookies.go:37.61,39.2 1 0
github.com/hahaclassic/orpheon/backend/internal/controller/http/utils/cookie/cookies.go:41.60,43.2 1 0
github.com/hahaclassic/orpheon/backend/internal/controller/http/utils/cookie/cookies.go:45.108,55.2 1 0
github.com/hahaclassic/orpheon/backend/internal/controller/http/utils/claims/claims.go:8.47,10.13 2 0
github.com/hahaclassic/orpheon/backend/internal/controller/http/utils/claims/claims.go:10.13,12.3 1 0
github.com/hahaclassic/orpheon/backend/internal/controller/http/utils/claims/claims.go:14.2,15.9 2 0
github.com/hahaclassic/orpheon/backend/internal/controller/http/utils/claims/claims.go:15.9,17.3 1 0
github.com/hahaclassic/orpheon/backend/internal/controller/http/utils/claims/claims.go:19.2,19.21 1 0
github.com/hahaclassic/orpheon/backend/internal/adapters/password-hasher/bcrypt-hasher/hasher.go:19.46,23.2 1 2
github.com/hahaclassic/orpheon/backend/internal/adapters/password-hasher/bcrypt-hasher/hasher.go:25.86,29.2 2 2
github.com/hahaclassic/orpheon/backend/internal/adapters/password-hasher/bcrypt-hasher/hasher.go:31.83,35.2 2 2
github.com/hahaclassic/orpheon/backend/internal/domain/services/content/album/cover/cover.go:23.56,27.2 1 8
github.com/hahaclassic/orpheon/backend/internal/domain/services/content/album/cover/cover.go:29.107,30.15 1 2
github.com/hahaclassic/orpheon/backend/internal/domain/services/content/album/cover/cover.go:30.15,32.3 1 2
github.com/hahaclassic/orpheon/backend/internal/domain/services/content/album/cover/cover.go:34.2,34.38 1 2
github.com/hahaclassic/orpheon/backend/internal/domain/services/content/album/cover/cover.go:37.118,38.15 1 3
github.com/hahaclassic/orpheon/backend/internal/domain/services/content/album/cover/cover.go:38.15,40.3 1 3
github.com/hahaclassic/orpheon/backend/internal/domain/services/content/album/cover/cover.go:42.2,42.55 1 3
github.com/hahaclassic/orpheon/backend/internal/domain/services/content/album/cover/cover.go:42.55,44.3 1 1
github.com/hahaclassic/orpheon/backend/internal/domain/services/content/album/cover/cover.go:46.2,46.37 1 2
github.com/hahaclassic/orpheon/backend/internal/domain/services/content/album/cover/cover.go:49.116,50.15 1 3
github.com/hahaclassic/orpheon/backend/internal/domain/services/content/album/cover/cover.go:50.15,52.3 1 3
github.com/hahaclassic/orpheon/backend/internal/domain/services/content/album/cover/cover.go:54.2,54.55 1 3
github.com/hahaclassic/orpheon/backend/internal/domain/services/content/album/cover/cover.go:54.55,56.3 1 1
github.com/hahaclassic/orpheon/backend/internal/domain/services/content/album/cover/cover.go:58.2,58.41 1 2
github.com/hahaclassic/orpheon/backend/internal/domain/services/content/aggregator/aggregator.go:29.54,37.2 1 0
github.com/hahaclassic/orpheon/backend/internal/domain/services/content/aggregator/aggregator.go:39.133,40.15 1 0
github.com/hahaclassic/orpheon/backend/internal/domain/services/content/aggregator/aggregator.go:40.15,42.3 1 0
github.com/hahaclassic/orpheon/backend/internal/domain/services/content/aggregator/aggregator.go:44.2,46.30 2 0
github.com/hahaclassic/orpheon/backend/internal/domain/services/content/aggregator/aggregator.go:46.30,48.17 2 0
github.com/hahaclassic/orpheon/backend/internal/domain/services/content/aggregator/aggregator.go:48.17,50.4 1 0
github.com/hahaclassic/orpheon/backend/internal/domain/services/content/aggregator/aggregator.go:52.3,53.17 2 0
github.com/hahaclassic/orpheon/backend/internal/domain/services/content/aggregator/aggregator.go:53.17,55.4 1 0
github.com/hahaclassic/orpheon/backend/internal/domain/services/content/aggregator/aggregator.go:57.3,58.17 2 0
github.com/hahaclassic/orpheon/backend/internal/domain/services/content/aggregator/aggregator.go:58.17,60.4 1 0
github.com/hahaclassic/orpheon/backend/internal/domain/services/content/aggregator/aggregator.go:62.3,63.17 2 0
github.com/hahaclassic/orpheon/backend/internal/domain/services/content/aggregator/aggregator.go:63.17,65.4 1 0
github.com/hahaclassic/orpheon/backend/internal/domain/services/content/aggregator/aggregator.go:67.3,68.17 2 0
github.com/hahaclassic/orpheon/backend/internal/domain/services/content/aggregator/aggregator.go:68.17,70.4 1 0
github.com/hahaclassic/orpheon/backend/internal/domain/services/content/aggregator/aggregator.go:72.3,83.4 1 0
github.com/hahaclassic/orpheon/backend/internal/domain/services/content/aggregator/aggregator.go:86.2,86.20 1 0
github.com/hahaclassic/orpheon/backend/internal/domain/services/content/aggregator/aggregator.go:89.133,90.15 1 0
github.com/hahaclassic/orpheon/backend/internal/domain/services/content/aggregator/aggregator.go:90.15,92.3 1 0
github.com/hahaclassic/orpheon/backend/internal/domain/services/content/aggregator/aggregator.go:94.2,96.30 2 0
github.com/hahaclassic/orpheon/backend/internal/domain/services/content/aggregator/aggregator.go:96.30,98.17 2 0
github.com/hahaclassic/orpheon/backend/internal/domain/services/content/aggregator/aggregator.go:98.17,100.4 1 0
github.com/hahaclassic/orpheon/backend/internal/domain/services/content/aggregator/aggregator.go:102.3,103.17 2 0
github.com/hahaclassic/orpheon/backend/internal/domain/services/content/aggregator/aggregator.go:103.17,105.4 1 0
github.com/hahaclassic/orpheon/backend/internal/domain/services/content/aggregator/aggregator.go:107.3,108.17 2 0
github.com/hahaclassic/orpheon/backend/internal/domain/services/content/aggregator/aggregator.go:108.17,110.4 1 0
github.com/hahaclassic/orpheon/backend/internal/domain/services/content/aggregator/aggregator.go:112.3,113.17 2 0
github.com/hahaclassic/orpheon/backend/internal/domain/services/content/aggregator/aggregator.go:113.17,115.4 1 0
github.com/hahaclassic/orpheon/backend/internal/domain/services/content/aggregator/aggregator.go:117.3,125.4 1 0
github.com/hahaclassic/orpheon/backend/internal/domain/services/content/aggregator/aggregator.go:128.2,128.20 1 0
github.com/hahaclassic/orpheon/backend/internal/domain/services/content/aggregator/aggregator.go:131.134,132.15 1 0
github.com/hahaclassic/orpheon/backend/internal/domain/services/content/aggregator/aggregator.go:132.15,134.3 1 0
github.com/hahaclassic/orpheon/backend/internal/domain/services/content/aggregator/aggregator.go:136.2,138.31 2 0
github.com/hahaclassic/orpheon/backend/internal/domain/services/content/aggregator/aggregator.go:138.31,140.17 2 0
github.com/hahaclassic/orpheon/backend/internal/domain/services/content/aggregator/aggregator.go:140.17,142.4 1 0
github.com/hahaclassic/orpheon/backend/internal/domain/services/content/aggregator/aggregator.go:144.3,145.17 2 0
github.com/hahaclassic/orpheon/backend/internal/domain/services/content/aggregator/aggregator.go:145.17,147.4 1 0
github.com/hahaclassic/orpheon/backend/internal/domain/services/content/aggregator/aggregator.go:149.3,150.17 2 0
github.com/hahaclassic/orpheon/backend/internal/domain/services/content/aggregator/aggregator.go:150.17,152.4 1 0
github.com/hahaclassic/orpheon/backend/internal/domain/services/content/aggregator/aggregator.go:154.3,162.4 1 0
github.com/hahaclassic/orpheon/backend/internal/domain/services/content/aggregator/aggregator.go:165.2,165.24 1 0
github.com/hahaclassic/orpheon/backend/internal/domain/services/content/aggregator/aggregator.go:168.134,169.15 1 0
github.com/hahaclassic/orpheon/backend/internal/domain/services/content/aggregator/aggregator.go:169.15,171.3 1 0
github.com/hahaclassic/orpheon/backend/internal/domain/services/content/aggregator/aggregator.go:173.2,175.31 2 0
github.com/hahaclassic/orpheon/backend/internal/domain/services/content/aggregator/aggregator.go:175.31,177.17 2 0
github.com/hahaclassic/orpheon/backend/internal/domain/services/content/aggregator/aggregator.go:177.17,179.4 1 0
github.com/hahaclassic/orpheon/backend/internal/domain/services/content/aggregator/aggregator.go:181.3,182.17 2 0
github.com/hahaclassic/orpheon/backend/internal/domain/services/content/aggregator/aggregator.go:182.17,184.4 1 0
github.com/hahaclassic/orpheon/backend/internal/domain/services/content/aggregator/aggregator.go:186.3,187.17 2 0
github.com/hahaclassic/orpheon/backend/internal/domain/services/content/aggregator/aggregator.go:187.17,189.4 1 0
github.com/hahaclassic/orpheon/backend/internal/domain/services/content/aggregator/aggregator.go:191.3,192.17 2 0
github.com/hahaclassic/orpheon/backend/internal/domain/services/content/aggregator/aggregator.go:192.17,194.4 1 0
github.com/hahaclassic/orpheon/backend/internal/domain/services/content/aggregator/aggregator.go:196.3,207.4 1 0
github.com/hahaclassic/orpheon/backend/internal/domain/services/content/aggregator/aggregator.go:210.2,210.24 1 0
github.com/hahaclassic/orpheon/backend/internal/domain/services/auth/auth.go:56.90,64.2 1 6
github.com/hahaclassic/orpheon/backend/internal/domain/services/auth/auth.go:66.128,67.15 1 1
github.com/hahaclassic/orpheon/backend/internal/domain/services/auth/auth.go:67.15,69.3 1 1
github.com/hahaclassic/orpheon/backend/internal/domain/services/auth/auth.go:71.2,72.16 2 1
github.com/hahaclassic/orpheon/backend/internal/domain/services/auth/auth.go:72.16,74.3 1 0
github.com/hahaclassic/orpheon/backend/internal/domain/services/auth/auth.go:76.2,77.16 2 1
github.com/hahaclassic/orpheon/backend/internal/domain/services/auth/auth.go:77.16,79.3 1 0
github.com/hahaclassic/orpheon/backend/internal/domain/services/auth/auth.go:81.2,87.16 3 1
github.com/hahaclassic/orpheon/backend/internal/domain/services/auth/auth.go:87.16,89.3 1 0
github.com/hahaclassic/orpheon/backend/internal/domain/services/auth/auth.go:91.2,91.34 1 1
github.com/hahaclassic/orpheon/backend/internal/domain/services/auth/auth.go:94.121,95.15 1 2
github.com/hahaclassic/orpheon/backend/internal/domain/services/auth/auth.go:95.15,97.3 1 2
github.com/hahaclassic/orpheon/backend/internal/domain/services/auth/auth.go:99.2,100.16 2 2
github.com/hahaclassic/orpheon/backend/internal/domain/services/auth/auth.go:100.16,102.3 1 0
github.com/hahaclassic/orpheon/backend/internal/domain/services/auth/auth.go:104.2,104.82 1 2
github.com/hahaclassic/orpheon/backend/internal/domain/services/auth/auth.go:104.82,106.3 1 0
github.com/hahaclassic/orpheon/backend/internal/domain/services/auth/auth.go:108.2,109.16 2 2
github.com/hahaclassic/orpheon/backend/internal/domain/services/auth/auth.go:109.16,111.3 1 0
github.com/hahaclassic/orpheon/backend/internal/domain/services/auth/auth.go:113.2,114.16 2 2
github.com/hahaclassic/orpheon/backend/internal/domain/services/auth/auth.go:114.16,116.3 1 0
github.com/hahaclassic/orpheon/backend/internal/domain/services/auth/auth.go:118.2,119.16 2 2
github.com/hahaclassic/orpheon/backend/internal/domain/services/auth/auth.go:119.16,121.3 1 0
github.com/hahaclassic/orpheon/backend/internal/domain/services/auth/auth.go:123.2,124.16 2 2
github.com/hahaclassic/orpheon/backend/internal/domain/services/auth/auth.go:124.16,126.3 1 0
github.com/hahaclassic/orpheon/backend/internal/domain/services/auth/auth.go:128.2,130.30 1 2
github.com/hahaclassic/orpheon/backend/internal/domain/services/auth/auth.go:133.84,134.15 1 1
github.com/hahaclassic/orpheon/backend/internal/domain/services/auth/auth.go:134.15,136.3 1 1
github.com/hahaclassic/orpheon/backend/internal/domain/services/auth/auth.go:138.2,138.48 1 1
github.com/hahaclassic/orpheon/backend/internal/domain/services/auth/auth.go:141.113,142.15 1 1
github.com/hahaclassic/orpheon/backend/internal/domain/services/auth/auth.go:142.15,144.3 1 1
github.com/hahaclassic/orpheon/backend/internal/domain/services/auth/auth.go:146.2,147.16 2 1
github.com/hahaclassic/orpheon/backend/internal/domain/services/auth/auth.go:147.16,149.3 1 0
github.com/hahaclassic/orpheon/backend/internal/domain/services/auth/auth.go:151.2,152.16 2 1
github.com/hahaclassic/orpheon/backend/internal/domain/services/auth/auth.go:152.16,154.3 1 0
github.com/hahaclassic/orpheon/backend/internal/domain/services/auth/auth.go:156.2,157.16 2 1
github.com/hahaclassic/orpheon/backend/internal/domain/services/auth/auth.go:157.16,159.3 1 0
github.com/hahaclassic/orpheon/backend/internal/domain/services/auth/auth.go:161.2,162.16 2 1
github.com/hahaclassic/orpheon/backend/internal/domain/services/auth/auth.go:162.16,164.3 1 0
github.com/hahaclassic/orpheon/backend/internal/domain/services/auth/auth.go:166.2,167.16 2 1
github.com/hahaclassic/orpheon/backend/internal/domain/services/auth/auth.go:167.16,169.3 1 0
github.com/hahaclassic/orpheon/backend/internal/domain/services/auth/auth.go:171.2,171.74 1 1
github.com/hahaclassic/orpheon/backend/internal/domain/services/auth/auth.go:174.122,175.15 1 1
github.com/hahaclassic/orpheon/backend/internal/domain/services/auth/auth.go:175.15,177.3 1 1
github.com/hahaclassic/orpheon/backend/internal/domain/services/auth/auth.go:179.2,180.16 2 1
github.com/hahaclassic/orpheon/backend/internal/domain/services/auth/auth.go:180.16,182.3 1 0
github.com/hahaclassic/orpheon/backend/internal/domain/services/auth/auth.go:184.2,184.75 1 1
github.com/hahaclassic/orpheon/backend/internal/domain/services/auth/auth.go:184.75,186.3 1 0
github.com/hahaclassic/orpheon/backend/internal/domain/services/auth/auth.go:188.2,189.16 2 1
github.com/hahaclassic/orpheon/backend/internal/domain/services/auth/auth.go:189.16,191.3 1 0
github.com/hahaclassic/orpheon/backend/internal/domain/services/auth/auth.go:193.2,193.66 1 1
github.com/hahaclassic/orpheon/backend/internal/domain/services/auth/auth.go:196.104,197.15 1 1
github.com/hahaclassic/orpheon/backend/internal/domain/services/auth/auth.go:197.15,199.3 1 1
github.com/hahaclassic/orpheon/backend/internal/domain/services/auth/auth.go:201.2,201.53 1 1
github.com/hahaclassic/orpheon/backend/internal/domain/services/content/album/tracks/tracks.go:20.89,22.2 1 0
github.com/hahaclassic/orpheon/backend/internal/domain/services/content/album/tracks/tracks.go:24.122,25.15 1 0
github.com/hahaclassic/orpheon/backend/internal/domain/services/content/album/tracks/tracks.go:25.15,27.3 1 0
github.com/hahaclassic/orpheon/backend/internal/domain/services/content/album/tracks/tracks.go:29.2,29.58 1 0
github.com/hahaclassic/orpheon/backend/internal/domain/services/content/album/meta/meta.go:32.46,36.2 1 11
github.com/hahaclassic/orpheon/backend/internal/domain/services/content/album/meta/meta.go:38.131,39.15 1 3
github.com/hahaclassic/orpheon/backend/internal/domain/services/content/album/meta/meta.go:39.15,41.3 1 3
github.com/hahaclassic/orpheon/backend/internal/domain/services/content/album/meta/meta.go:42.2,42.55 1 3
github.com/hahaclassic/orpheon/backend/internal/domain/services/content/album/meta/meta.go:42.55,44.3 1 1
github.com/hahaclassic/orpheon/backend/internal/domain/services/content/album/meta/meta.go:46.2,47.16 2 2
github.com/hahaclassic/orpheon/backend/internal/domain/services/content/album/meta/meta.go:47.16,49.3 1 0
github.com/hahaclassic/orpheon/backend/internal/domain/services/content/album/meta/meta.go:51.2,52.16 2 2
github.com/hahaclassic/orpheon/backend/internal/domain/services/content/album/meta/meta.go:52.16,54.3 1 1
github.com/hahaclassic/orpheon/backend/internal/domain/services/content/album/meta/meta.go:56.2,56.22 1 1
github.com/hahaclassic/orpheon/backend/internal/domain/services/content/album/meta/meta.go:59.106,60.15 1 2
github.com/hahaclassic/orpheon/backend/internal/domain/services/content/album/meta/meta.go:60.15,62.3 1 2
github.com/hahaclassic/orpheon/backend/internal/domain/services/content/album/meta/meta.go:64.2,64.38 1 2
github.com/hahaclassic/orpheon/backend/internal/domain/services/content/album/meta/meta.go:67.93,68.15 1 0
github.com/hahaclassic/orpheon/backend/internal/domain/services/content/album/meta/meta.go:68.15,70.3 1 0
github.com/hahaclassic/orpheon/backend/internal/domain/services/content/album/meta/meta.go:72.2,72.33 1 0
github.com/hahaclassic/orpheon/backend/internal/domain/services/content/album/meta/meta.go:75.117,76.15 1 3
github.com/hahaclassic/orpheon/backend/internal/domain/services/content/album/meta/meta.go:76.15,78.3 1 3
github.com/hahaclassic/orpheon/backend/internal/domain/services/content/album/meta/meta.go:80.2,80.55 1 3
github.com/hahaclassic/orpheon/backend/internal/domain/services/content/album/meta/meta.go:80.55,82.3 1 1
github.com/hahaclassic/orpheon/backend/internal/domain/services/content/album/meta/meta.go:84.2,84.39 1 2
github.com/hahaclassic/orpheon/backend/internal/domain/services/content/album/meta/meta.go:87.111,88.15 1 3
github.com/hahaclassic/orpheon/backend/internal/domain/services/content/album/meta/meta.go:88.15,90.3 1 3
github.com/hahaclassic/orpheon/backend/internal/domain/services/content/album/meta/meta.go:92.2,92.55 1 3
github.com/hahaclassic/orpheon/backend/internal/domain/services/content/album/meta/meta.go:92.55,94.3 1 1
github.com/hahaclassic/orpheon/backend/internal/domain/services/content/album/meta/meta.go:96.2,96.41 1 2
github.com/hahaclassic/orpheon/backend/internal/domain/services/content/artist/assign/assign.go:29.79,33.2 1 6
github.com/hahaclassic/orpheon/backend/internal/domain/services/content/artist/assign/assign.go:35.146,36.15 1 3
github.com/hahaclassic/orpheon/backend/internal/domain/services/content/artist/assign/assign.go:36.15,38.3 1 3
github.com/hahaclassic/orpheon/backend/internal/domain/services/content/artist/assign/assign.go:40.2,40.55 1 3
github.com/hahaclassic/orpheon/backend/internal/domain/services/content/artist/assign/assign.go:40.55,42.3 1 1
github.com/hahaclassic/orpheon/backend/internal/domain/services/content/artist/assign/assign.go:44.2,44.59 1 2
github.com/hahaclassic/orpheon/backend/internal/domain/services/content/artist/assign/assign.go:47.146,48.15 1 3
github.com/hahaclassic/orpheon/backend/internal/domain/services/content/artist/assign/assign.go:48.15,50.3 1 3
github.com/hahaclassic/orpheon/backend/internal/domain/services/content/artist/assign/assign.go:52.2,52.55 1 3
github.com/hahaclassic/orpheon/backend/internal/domain/services/content/artist/assign/assign.go:52.55,54.3 1 1
github.com/hahaclassic/orpheon/backend/internal/domain/services/content/artist/assign/assign.go:56.2,56.59 1 2
github.com/hahaclassic/orpheon/backend/internal/domain/services/content/artist/assign/assign.go:59.128,60.15 1 0
github.com/hahaclassic/orpheon/backend/internal/domain/services/content/artist/assign/assign.go:60.15,62.3 1 0
github.com/hahaclassic/orpheon/backend/internal/domain/services/content/artist/assign/assign.go:64.2,65.16 2 0
github.com/hahaclassic/orpheon/backend/internal/domain/services/content/artist/assign/assign.go:65.16,67.3 1 0
github.com/hahaclassic/orpheon/backend/internal/domain/services/content/artist/assign/assign.go:69.2,69.20 1 0
github.com/hahaclassic/orpheon/backend/internal/domain/services/content/artist/assign/assign.go:72.128,73.15 1 0
github.com/hahaclassic/orpheon/backend/internal/domain/services/content/artist/assign/assign.go:73.15,75.3 1 0
github.com/hahaclassic/orpheon/backend/internal/domain/services/content/artist/assign/assign.go:77.2,78.16 2 0
github.com/hahaclassic/orpheon/backend/internal/domain/services/content/artist/assign/assign.go:78.16,80.3 1 0
github.com/hahaclassic/orpheon/backend/internal/domain/services/content/artist/assign/assign.go:82.2,82.20 1 0
github.com/hahaclassic/orpheon/backend/internal/domain/services/content/artist/assign/assign.go:85.130,86.15 1 0
github.com/hahaclassic/orpheon/backend/internal/domain/services/content/artist/assign/assign.go:86.15,88.3 1 0
github.com/hahaclassic/orpheon/backend/internal/domain/services/content/artist/assign/assign.go:90.2,91.16 2 0
github.com/hahaclassic/orpheon/backend/internal/domain/services/content/artist/assign/assign.go:91.16,93.3 1 0
github.com/hahaclassic/orpheon/backend/internal/domain/services/content/artist/assign/assign.go:95.2,95.21 1 0
github.com/hahaclassic/orpheon/backend/internal/domain/services/content/artist/assign/assign.go:98.130,99.15 1 0
github.com/hahaclassic/orpheon/backend/internal/domain/services/content/artist/assign/assign.go:99.15,101.3 1 0
github.com/hahaclassic/orpheon/backend/internal/domain/services/content/artist/assign/assign.go:103.2,104.16 2 0
github.com/hahaclassic/orpheon/backend/internal/domain/services/content/artist/assign/assign.go:104.16,106.3 1 0
github.com/hahaclassic/orpheon/backend/internal/domain/services/content/artist/assign/assign.go:108.2,108.21 1 0
github.com/hahaclassic/orpheon/backend/internal/domain/services/content/artist/assign/assign.go:111.150,112.15 1 0
github.com/hahaclassic/orpheon/backend/internal/domain/services/content/artist/assign/assign.go:112.15,114.3 1 0
github.com/hahaclassic/orpheon/backend/internal/domain/services/content/artist/assign/assign.go:116.2,116.55 1 0
github.com/hahaclassic/orpheon/backend/internal/domain/services/content/artist/assign/assign.go:116.55,118.3 1 0
github.com/hahaclassic/orpheon/backend/internal/domain/services/content/artist/assign/assign.go:120.2,120.63 1 0
github.com/hahaclassic/orpheon/backend/internal/domain/services/content/artist/assign/assign.go:123.150,124.15 1 0
github.com/hahaclassic/orpheon/backend/internal/domain/services/content/artist/assign/assign.go:124.15,126.3 1 0
github.com/hahaclassic/orpheon/backend/internal/domain/services/content/artist/assign/assign.go:128.2,128.55 1 0
github.com/hahaclassic/orpheon/backend/internal/domain/services/content/artist/assign/assign.go:128.55,130.3 1 0
github.com/hahaclassic/orpheon/backend/internal/domain/services/content/artist/assign/assign.go:132.2,132.63 1 0
github.com/hahaclassic/orpheon/backend/internal/domain/services/content/artist/avatar/avatar.go:23.77,27.2 1 8
github.com/hahaclassic/orpheon/backend/internal/domain/services/content/artist/avatar/avatar.go:29.109,30.15 1 2
github.com/hahaclassic/orpheon/backend/internal/domain/services/content/artist/avatar/avatar.go:30.15,32.3 1 2
github.com/hahaclassic/orpheon/backend/internal/domain/services/content/artist/avatar/avatar.go:34.2,34.39 1 2
github.com/hahaclassic/orpheon/backend/internal/domain/services/content/artist/avatar/avatar.go:37.119,38.15 1 3
github.com/hahaclassic/orpheon/backend/internal/domain/services/content/artist/avatar/avatar.go:38.15,40.3 1 3
github.com/hahaclassic/orpheon/backend/internal/domain/services/content/artist/avatar/avatar.go:42.2,42.55 1 3
github.com/hahaclassic/orpheon/backend/internal/domain/services/content/artist/avatar/avatar.go:42.55,44.3 1 1
github.com/hahaclassic/orpheon/backend/internal/domain/services/content/artist/avatar/avatar.go:46.2,46.37 1 2
github.com/hahaclassic/orpheon/backend/internal/domain/services/content/artist/avatar/avatar.go:49.118,50.15 1 3
github.com/hahaclassic/orpheon/backend/internal/domain/services/content/artist/avatar/avatar.go:50.15,52.3 1 3
github.com/hahaclassic/orpheon/backend/internal/domain/services/content/artist/avatar/avatar.go:54.2,54.55 1 3
github.com/hahaclassic/orpheon/backend/internal/domain/services/content/artist/avatar/avatar.go:54.55,56.3 1 1
github.com/hahaclassic/orpheon/backend/internal/domain/services/content/artist/avatar/avatar.go:58.2,58.42 1 2
github.com/hahaclassic/orpheon/backend/internal/domain/services/content/artist/meta/meta.go:30.56,32.2 1 10
github.com/hahaclassic/orpheon/backend/internal/domain/services/content/artist/meta/meta.go:34.118,35.15 1 2
github.com/hahaclassic/orpheon/backend/internal/domain/services/content/artist/meta/meta.go:35.15,37.3 1 2
github.com/hahaclassic/orpheon/backend/internal/domain/services/content/artist/meta/meta.go:39.2,39.38 1 2
github.com/hahaclassic/orpheon/backend/internal/domain/services/content/artist/meta/meta.go:42.103,43.15 1 0
github.com/hahaclassic/orpheon/backend/internal/domain/services/content/artist/meta/meta.go:43.15,45.3 1 0
github.com/hahaclassic/orpheon/backend/internal/domain/services/content/artist/meta/meta.go:47.2,47.27 1 0
github.com/hahaclassic/orpheon/backend/internal/domain/services/content/artist/meta/meta.go:50.129,51.15 1 2
github.com/hahaclassic/orpheon/backend/internal/domain/services/content/artist/meta/meta.go:51.15,53.3 1 2
github.com/hahaclassic/orpheon/backend/internal/domain/services/content/artist/meta/meta.go:55.2,55.55 1 2
github.com/hahaclassic/orpheon/backend/internal/domain/services/content/artist/meta/meta.go:55.55,57.3 1 1
github.com/hahaclassic/orpheon/backend/internal/domain/services/content/artist/meta/meta.go:59.2,59.51 1 1
github.com/hahaclassic/orpheon/backend/internal/domain/services/content/artist/meta/meta.go:59.51,61.3 1 0
github.com/hahaclassic/orpheon/backend/internal/domain/services/content/artist/meta/meta.go:63.2,63.35 1 1
github.com/hahaclassic/orpheon/backend/internal/domain/services/content/artist/meta/meta.go:66.129,67.15 1 3
github.com/hahaclassic/orpheon/backend/internal/domain/services/content/artist/meta/meta.go:67.15,69.3 1 3
github.com/hahaclassic/orpheon/backend/internal/domain/services/content/artist/meta/meta.go:71.2,71.55 1 3
github.com/hahaclassic/orpheon/backend/internal/domain/services/content/artist/meta/meta.go:71.55,73.3 1 1
github.com/hahaclassic/orpheon/backend/internal/domain/services/content/artist/meta/meta.go:75.2,75.35 1 2
github.com/hahaclassic/orpheon/backend/internal/domain/services/content/artist/meta/meta.go:78.122,79.15 1 3
github.com/hahaclassic/orpheon/backend/internal/domain/services/content/artist/meta/meta.go:79.15,81.3 1 3
github.com/hahaclassic/orpheon/backend/internal/domain/services/content/artist/meta/meta.go:83.2,83.55 1 3
github.com/hahaclassic/orpheon/backend/internal/domain/services/content/artist/meta/meta.go:83.55,85.3 1 1
github.com/hahaclassic/orpheon/backend/internal/domain/services/content/artist/meta/meta.go:87.2,87.37 1 2
github.com/hahaclassic/orpheon/backend/internal/domain/services/content/genre/assign/assign.go:22.76,24.2 1 0
github.com/hahaclassic/orpheon/backend/internal/domain/services/content/genre/assign/assign.go:26.143,27.15 1 0
github.com/hahaclassic/orpheon/backend/internal/domain/services/content/genre/assign/assign.go:27.15,29.3 1 0
github.com/hahaclassic/orpheon/backend/internal/domain/services/content/genre/assign/assign.go:31.2,31.55 1 0
github.com/hahaclassic/orpheon/backend/internal/domain/services/content/genre/assign/assign.go:31.55,33.3 1 0
github.com/hahaclassic/orpheon/backend/internal/domain/services/content/genre/assign/assign.go:35.2,35.57 1 0
github.com/hahaclassic/orpheon/backend/internal/domain/services/content/genre/assign/assign.go:38.147,39.15 1 0
github.com/hahaclassic/orpheon/backend/internal/domain/services/content/genre/assign/assign.go:39.15,41.3 1 0
github.com/hahaclassic/orpheon/backend/internal/domain/services/content/genre/assign/assign.go:43.2,43.55 1 0
github.com/hahaclassic/orpheon/backend/internal/domain/services/content/genre/assign/assign.go:43.55,45.3 1 0
github.com/hahaclassic/orpheon/backend/internal/domain/services/content/genre/assign/assign.go:47.2,47.61 1 0
github.com/hahaclassic/orpheon/backend/internal/domain/services/content/genre/meta/meta.go:32.58,34.2 1 14
github.com/hahaclassic/orpheon/backend/internal/domain/services/content/genre/meta/meta.go:36.113,37.15 1 3
github.com/hahaclassic/orpheon/backend/internal/domain/services/content/genre/meta/meta.go:37.15,39.3 1 3
github.com/hahaclassic/orpheon/backend/internal/domain/services/content/genre/meta/meta.go:41.2,41.55 1 3
github.com/hahaclassic/orpheon/backend/internal/domain/services/content/genre/meta/meta.go:41.55,43.3 1 1
github.com/hahaclassic/orpheon/backend/internal/domain/services/content/genre/meta/meta.go:45.2,46.16 2 2
github.com/hahaclassic/orpheon/backend/internal/domain/services/content/genre/meta/meta.go:46.16,48.3 1 0
github.com/hahaclassic/orpheon/backend/internal/domain/services/content/genre/meta/meta.go:50.2,50.34 1 2
github.com/hahaclassic/orpheon/backend/internal/domain/services/content/genre/meta/meta.go:53.106,54.15 1 3
github.com/hahaclassic/orpheon/backend/internal/domain/services/content/genre/meta/meta.go:54.15,56.3 1 3
github.com/hahaclassic/orpheon/backend/internal/domain/services/content/genre/meta/meta.go:58.2,58.25 1 3
github.com/hahaclassic/orpheon/backend/internal/domain/services/content/genre/meta/meta.go:58.25,60.3 1 1
github.com/hahaclassic/orpheon/backend/internal/domain/services/content/genre/meta/meta.go:62.2,62.37 1 2
github.com/hahaclassic/orpheon/backend/internal/domain/services/content/genre/meta/meta.go:65.89,66.15 1 0
github.com/hahaclassic/orpheon/backend/internal/domain/services/content/genre/meta/meta.go:66.15,68.3 1 0
github.com/hahaclassic/orpheon/backend/internal/domain/services/content/genre/meta/meta.go:70.2,70.27 1 0
github.com/hahaclassic/orpheon/backend/internal/domain/services/content/genre/meta/meta.go:73.113,74.15 1 4
github.com/hahaclassic/orpheon/backend/internal/domain/services/content/genre/meta/meta.go:74.15,76.3 1 4
github.com/hahaclassic/orpheon/backend/internal/domain/services/content/genre/meta/meta.go:78.2,78.55 1 4
github.com/hahaclassic/orpheon/backend/internal/domain/services/content/genre/meta/meta.go:78.55,80.3 1 1
github.com/hahaclassic/orpheon/backend/internal/domain/services/content/genre/meta/meta.go:82.2,82.26 1 3
github.com/hahaclassic/orpheon/backend/internal/domain/services/content/genre/meta/meta.go:82.26,84.3 1 1
github.com/hahaclassic/orpheon/backend/internal/domain/services/content/genre/meta/meta.go:86.2,86.34 1 2
github.com/hahaclassic/orpheon/backend/internal/domain/services/content/genre/meta/meta.go:89.111,90.15 1 4
github.com/hahaclassic/orpheon/backend/internal/domain/services/content/genre/meta/meta.go:90.15,92.3 1 4
github.com/hahaclassic/orpheon/backend/internal/domain/services/content/genre/meta/meta.go:94.2,94.55 1 4
github.com/hahaclassic/orpheon/backend/internal/domain/services/content/genre/meta/meta.go:94.55,96.3 1 1
github.com/hahaclassic/orpheon/backend/internal/domain/services/content/genre/meta/meta.go:98.2,98.25 1 3
github.com/hahaclassic/orpheon/backend/internal/domain/services/content/genre/meta/meta.go:98.25,100.3 1 1
github.com/hahaclassic/orpheon/backend/internal/domain/services/content/genre/meta/meta.go:102.2,102.36 1 2
github.com/hahaclassic/orpheon/backend/internal/domain/services/content/genre/meta/meta.go:105.111,106.15 1 0
github.com/hahaclassic/orpheon/backend/internal/domain/services/content/genre/meta/meta.go:106.15,108.3 1 0
github.com/hahaclassic/orpheon/backend/internal/domain/services/content/genre/meta/meta.go:110.2,110.40 1 0
github.com/hahaclassic/orpheon/backend/internal/domain/services/content/license/license.go:31.64,33.2 1 14
github.com/hahaclassic/orpheon/backend/internal/domain/services/content/license/license.go:35.121,36.15 1 3
github.com/hahaclassic/orpheon/backend/internal/domain/services/content/license/license.go:36.15,38.3 1 3
github.com/hahaclassic/orpheon/backend/internal/domain/services/content/license/license.go:40.2,40.55 1 3
github.com/hahaclassic/orpheon/backend/internal/domain/services/content/license/license.go:40.55,42.3 1 1
github.com/hahaclassic/orpheon/backend/internal/domain/services/content/license/license.go:44.2,45.16 2 2
github.com/hahaclassic/orpheon/backend/internal/domain/services/content/license/license.go:45.16,47.3 1 0
github.com/hahaclassic/orpheon/backend/internal/domain/services/content/license/license.go:49.2,49.36 1 2
github.com/hahaclassic/orpheon/backend/internal/domain/services/content/license/license.go:52.114,53.15 1 3
github.com/hahaclassic/orpheon/backend/internal/domain/services/content/license/license.go:53.15,55.3 1 3
github.com/hahaclassic/orpheon/backend/internal/domain/services/content/license/license.go:57.2,57.27 1 3
github.com/hahaclassic/orpheon/backend/internal/domain/services/content/license/license.go:57.27,59.3 1 1
github.com/hahaclassic/orpheon/backend/internal/domain/services/content/license/license.go:61.2,61.39 1 2
github.com/hahaclassic/orpheon/backend/internal/domain/services/content/license/license.go:64.95,65.15 1 0
github.com/hahaclassic/orpheon/backend/internal/domain/services/content/license/license.go:65.15,67.3 1 0
github.com/hahaclassic/orpheon/backend/internal/domain/services/content/license/license.go:69.2,69.27 1 0
github.com/hahaclassic/orpheon/backend/internal/domain/services/content/license/license.go:72.121,73.15 1 4
github.com/hahaclassic/orpheon/backend/internal/domain/services/content/license/license.go:73.15,75.3 1 4
github.com/hahaclassic/orpheon/backend/internal/domain/services/content/license/license.go:77.2,77.55 1 4
github.com/hahaclassic/orpheon/backend/internal/domain/services/content/license/license.go:77.55,79.3 1 1
github.com/hahaclassic/orpheon/backend/internal/domain/services/content/license/license.go:81.2,81.28 1 3
github.com/hahaclassic/orpheon/backend/internal/domain/services/content/license/license.go:81.28,83.3 1 1
github.com/hahaclassic/orpheon/backend/internal/domain/services/content/license/license.go:85.2,85.36 1 2
github.com/hahaclassic/orpheon/backend/internal/domain/services/content/license/license.go:88.117,89.15 1 4
github.com/hahaclassic/orpheon/backend/internal/domain/services/content/license/license.go:89.15,91.3 1 4
github.com/hahaclassic/orpheon/backend/internal/domain/services/content/license/license.go:93.2,93.55 1 4
github.com/hahaclassic/orpheon/backend/internal/domain/services/content/license/license.go:93.55,95.3 1 1
github.com/hahaclassic/orpheon/backend/internal/domain/services/content/license/license.go:97.2,97.27 1 3
github.com/hahaclassic/orpheon/backend/internal/domain/services/content/license/license.go:97.27,99.3 1 1
github.com/hahaclassic/orpheon/backend/internal/domain/services/content/license/license.go:101.2,101.38 1 2
github.com/hahaclassic/orpheon/backend/internal/domain/services/content/playlist/aggregator/aggregator.go:25.23,32.2 1 0
github.com/hahaclassic/orpheon/backend/internal/domain/services/content/playlist/aggregator/aggregator.go:34.166,35.15 1 0
github.com/hahaclassic/orpheon/backend/internal/domain/services/content/playlist/aggregator/aggregator.go:35.15,37.3 1 0
github.com/hahaclassic/orpheon/backend/internal/domain/services/content/playlist/aggregator/aggregator.go:39.2,41.33 2 0
github.com/hahaclassic/orpheon/backend/internal/domain/services/content/playlist/aggregator/aggregator.go:41.33,43.17 2 0
github.com/hahaclassic/orpheon/backend/internal/domain/services/content/playlist/aggregator/aggregator.go:43.17,45.4 1 0
github.com/hahaclassic/orpheon/backend/internal/domain/services/content/playlist/aggregator/aggregator.go:47.3,48.17 2 0
github.com/hahaclassic/orpheon/backend/internal/domain/services/content/playlist/aggregator/aggregator.go:48.17,50.4 1 0
github.com/hahaclassic/orpheon/backend/internal/domain/services/content/playlist/aggregator/aggregator.go:52.3,53.17 2 0
github.com/hahaclassic/orpheon/backend/internal/domain/services/content/playlist/aggregator/aggregator.go:53.17,55.4 1 0
github.com/hahaclassic/orpheon/backend/internal/domain/services/content/playlist/aggregator/aggregator.go:57.3,58.17 2 0
github.com/hahaclassic/orpheon/backend/internal/domain/services/content/playlist/aggregator/aggregator.go:58.17,60.4 1 0
github.com/hahaclassic/orpheon/backend/internal/domain/services/content/playlist/aggregator/aggregator.go:62.3,74.4 1 0
github.com/hahaclassic/orpheon/backend/internal/domain/services/content/playlist/aggregator/aggregator.go:77.2,77.23 1 0
github.com/hahaclassic/orpheon/backend/internal/domain/services/content/playlist/aggregator/aggregator.go:80.170,81.15 1 0
github.com/hahaclassic/orpheon/backend/internal/domain/services/content/playlist/aggregator/aggregator.go:81.15,83.3 1 0
github.com/hahaclassic/orpheon/backend/internal/domain/services/content/playlist/aggregator/aggregator.go:85.2,87.37 2 0
github.com/hahaclassic/orpheon/backend/internal/domain/services/content/playlist/aggregator/aggregator.go:87.37,89.17 2 0
github.com/hahaclassic/orpheon/backend/internal/domain/services/content/playlist/aggregator/aggregator.go:89.17,91.4 1 0
github.com/hahaclassic/orpheon/backend/internal/domain/services/content/playlist/aggregator/aggregator.go:93.3,94.17 2 0
github.com/hahaclassic/orpheon/backend/internal/domain/services/content/playlist/aggregator/aggregator.go:94.17,96.4 1 0
github.com/hahaclassic/orpheon/backend/internal/domain/services/content/playlist/aggregator/aggregator.go:98.3,99.17 2 0
github.com/hahaclassic/orpheon/backend/internal/domain/services/content/playlist/aggregator/aggregator.go:99.17,101.4 1 0
github.com/hahaclassic/orpheon/backend/internal/domain/services/content/playlist/aggregator/aggregator.go:103.3,115.4 1 0
github.com/hahaclassic/orpheon/backend/internal/domain/services/content/playlist/aggregator/aggregator.go:118.2,118.24 1 0
github.com/hahaclassic/orpheon/backend/internal/domain/services/content/playlist/cover/cover.go:23.100,28.2 1 9
github.com/hahaclassic/orpheon/backend/internal/domain/services/content/playlist/cover/cover.go:30.136,31.15 1 3
github.com/hahaclassic/orpheon/backend/internal/domain/services/content/playlist/cover/cover.go:31.15,33.3 1 3
github.com/hahaclassic/orpheon/backend/internal/domain/services/content/playlist/cover/cover.go:35.2,36.16 2 3
github.com/hahaclassic/orpheon/backend/internal/domain/services/content/playlist/cover/cover.go:36.16,38.3 1 1
github.com/hahaclassic/orpheon/backend/internal/domain/services/content/playlist/cover/cover.go:40.2,40.41 1 2
github.com/hahaclassic/orpheon/backend/internal/domain/services/content/playlist/cover/cover.go:43.121,44.15 1 3
github.com/hahaclassic/orpheon/backend/internal/domain/services/content/playlist/cover/cover.go:44.15,46.3 1 3
github.com/hahaclassic/orpheon/backend/internal/domain/services/content/playlist/cover/cover.go:48.2,49.16 2 3
github.com/hahaclassic/orpheon/backend/internal/domain/services/content/playlist/cover/cover.go:49.16,51.3 1 1
github.com/hahaclassic/orpheon/backend/internal/domain/services/content/playlist/cover/cover.go:53.2,53.37 1 2
github.com/hahaclassic/orpheon/backend/internal/domain/services/content/playlist/cover/cover.go:56.122,57.15 1 3
github.com/hahaclassic/orpheon/backend/internal/domain/services/content/playlist/cover/cover.go:57.15,59.3 1 3
github.com/hahaclassic/orpheon/backend/internal/domain/services/content/playlist/cover/cover.go:61.2,62.16 2 3
github.com/hahaclassic/orpheon/backend/internal/domain/services/content/playlist/cover/cover.go:62.16,64.3 1 1
github.com/hahaclassic/orpheon/backend/internal/domain/services/content/playlist/cover/cover.go:66.2,66.44 1 2
github.com/hahaclassic/orpheon/backend/internal/domain/services/content/playlist/favorites/favorites.go:34.72,39.2 1 16
github.com/hahaclassic/orpheon/backend/internal/domain/services/content/playlist/favorites/favorites.go:41.132,42.15 1 3
github.com/hahaclassic/orpheon/backend/internal/domain/services/content/playlist/favorites/favorites.go:42.15,44.3 1 3
github.com/hahaclassic/orpheon/backend/internal/domain/services/content/playlist/favorites/favorites.go:46.2,47.16 2 3
github.com/hahaclassic/orpheon/backend/internal/domain/services/content/playlist/favorites/favorites.go:47.16,49.3 1 1
github.com/hahaclassic/orpheon/backend/internal/domain/services/content/playlist/favorites/favorites.go:51.2,51.70 1 2
github.com/hahaclassic/orpheon/backend/internal/domain/services/content/playlist/favorites/favorites.go:55.134,56.15 1 2
github.com/hahaclassic/orpheon/backend/internal/domain/services/content/playlist/favorites/favorites.go:56.15,58.3 1 2
github.com/hahaclassic/orpheon/backend/internal/domain/services/content/playlist/favorites/favorites.go:60.2,60.19 1 2
github.com/hahaclassic/orpheon/backend/internal/domain/services/content/playlist/favorites/favorites.go:60.19,62.3 1 0
github.com/hahaclassic/orpheon/backend/internal/domain/services/content/playlist/favorites/favorites.go:64.2,64.60 1 2
github.com/hahaclassic/orpheon/backend/internal/domain/services/content/playlist/favorites/favorites.go:67.137,68.15 1 2
github.com/hahaclassic/orpheon/backend/internal/domain/services/content/playlist/favorites/favorites.go:68.15,70.3 1 2
github.com/hahaclassic/orpheon/backend/internal/domain/services/content/playlist/favorites/favorites.go:72.2,72.19 1 2
github.com/hahaclassic/orpheon/backend/internal/domain/services/content/playlist/favorites/favorites.go:72.19,74.3 1 0
github.com/hahaclassic/orpheon/backend/internal/domain/services/content/playlist/favorites/favorites.go:76.2,76.79 1 2
github.com/hahaclassic/orpheon/backend/internal/domain/services/content/playlist/favorites/favorites.go:79.173,80.15 1 3
github.com/hahaclassic/orpheon/backend/internal/domain/services/content/playlist/favorites/favorites.go:80.15,82.3 1 3
github.com/hahaclassic/orpheon/backend/internal/domain/services/content/playlist/favorites/favorites.go:85.2,85.72 1 3
github.com/hahaclassic/orpheon/backend/internal/domain/services/content/playlist/favorites/favorites.go:85.72,87.3 1 1
github.com/hahaclassic/orpheon/backend/internal/domain/services/content/playlist/favorites/favorites.go:89.2,89.76 1 2
github.com/hahaclassic/orpheon/backend/internal/domain/services/content/playlist/favorites/favorites.go:92.152,93.15 1 3
github.com/hahaclassic/orpheon/backend/internal/domain/services/content/playlist/favorites/favorites.go:93.15,95.3 1 3
github.com/hahaclassic/orpheon/backend/internal/domain/services/content/playlist/favorites/favorites.go:97.2,97.74 1 3
github.com/hahaclassic/orpheon/backend/internal/domain/services/content/playlist/favorites/favorites.go:97.74,99.3 1 1
github.com/hahaclassic/orpheon/backend/internal/domain/services/content/playlist/favorites/favorites.go:101.2,101.74 1 2
github.com/hahaclassic/orpheon/backend/internal/domain/services/content/playlist/favorites/favorites.go:104.160,105.15 1 3
github.com/hahaclassic/orpheon/backend/internal/domain/services/content/playlist/favorites/favorites.go:105.15,107.3 1 3
github.com/hahaclassic/orpheon/backend/internal/domain/services/content/playlist/favorites/favorites.go:109.2,109.74 1 3
github.com/hahaclassic/orpheon/backend/internal/domain/services/content/playlist/favorites/favorites.go:109.74,111.3 1 1
github.com/hahaclassic/orpheon/backend/internal/domain/services/content/playlist/favorites/favorites.go:113.2,113.69 1 2
github.com/hahaclassic/orpheon/backend/internal/domain/services/content/playlist/favorites/favorites.go:116.132,117.15 1 0
github.com/hahaclassic/orpheon/backend/internal/domain/services/content/playlist/favorites/favorites.go:117.15,119.3 1 0
github.com/hahaclassic/orpheon/backend/internal/domain/services/content/playlist/favorites/favorites.go:121.2,121.19 1 0
github.com/hahaclassic/orpheon/backend/internal/domain/services/content/playlist/favorites/favorites.go:121.19,123.3 1 0
github.com/hahaclassic/orpheon/backend/internal/domain/services/content/playlist/favorites/favorites.go:125.2,126.16 2 0
github.com/hahaclassic/orpheon/backend/internal/domain/services/content/playlist/favorites/favorites.go:126.16,128.3 1 0
github.com/hahaclassic/orpheon/backend/internal/domain/services/content/playlist/favorites/favorites.go:130.2,130.66 1 0
github.com/hahaclassic/orpheon/backend/internal/domain/services/content/playlist/meta/meta.go:36.155,42.2 1 11
github.com/hahaclassic/orpheon/backend/internal/domain/services/content/playlist/meta/meta.go:44.129,45.15 1 2
github.com/hahaclassic/orpheon/backend/internal/domain/services/content/playlist/meta/meta.go:45.15,47.3 1 2
github.com/hahaclassic/orpheon/backend/internal/domain/services/content/playlist/meta/meta.go:49.2,49.25 1 2
github.com/hahaclassic/orpheon/backend/internal/domain/services/content/playlist/meta/meta.go:49.25,51.3 1 1
github.com/hahaclassic/orpheon/backend/internal/domain/services/content/playlist/meta/meta.go:53.2,54.16 2 1
github.com/hahaclassic/orpheon/backend/internal/domain/services/content/playlist/meta/meta.go:54.16,56.3 1 0
github.com/hahaclassic/orpheon/backend/internal/domain/services/content/playlist/meta/meta.go:57.2,62.37 4 1
github.com/hahaclassic/orpheon/backend/internal/domain/services/content/playlist/meta/meta.go:65.141,66.15 1 2
github.com/hahaclassic/orpheon/backend/internal/domain/services/content/playlist/meta/meta.go:66.15,68.3 1 2
github.com/hahaclassic/orpheon/backend/internal/domain/services/content/playlist/meta/meta.go:70.2,70.65 1 2
github.com/hahaclassic/orpheon/backend/internal/domain/services/content/playlist/meta/meta.go:70.65,72.3 1 1
github.com/hahaclassic/orpheon/backend/internal/domain/services/content/playlist/meta/meta.go:74.2,74.40 1 1
github.com/hahaclassic/orpheon/backend/internal/domain/services/content/playlist/meta/meta.go:77.155,78.15 1 2
github.com/hahaclassic/orpheon/backend/internal/domain/services/content/playlist/meta/meta.go:78.15,80.3 1 2
github.com/hahaclassic/orpheon/backend/internal/domain/services/content/playlist/meta/meta.go:82.2,83.16 2 2
github.com/hahaclassic/orpheon/backend/internal/domain/services/content/playlist/meta/meta.go:83.16,85.3 1 0
github.com/hahaclassic/orpheon/backend/internal/domain/services/content/playlist/meta/meta.go:88.2,88.29 1 2
github.com/hahaclassic/orpheon/backend/internal/domain/services/content/playlist/meta/meta.go:88.29,90.3 1 1
github.com/hahaclassic/orpheon/backend/internal/domain/services/content/playlist/meta/meta.go:92.2,94.27 3 1
github.com/hahaclassic/orpheon/backend/internal/domain/services/content/playlist/meta/meta.go:94.27,95.30 1 3
github.com/hahaclassic/orpheon/backend/internal/domain/services/content/playlist/meta/meta.go:95.30,98.4 2 2
github.com/hahaclassic/orpheon/backend/internal/domain/services/content/playlist/meta/meta.go:101.2,101.39 1 1
github.com/hahaclassic/orpheon/backend/internal/domain/services/content/playlist/meta/meta.go:104.129,105.15 1 2
github.com/hahaclassic/orpheon/backend/internal/domain/services/content/playlist/meta/meta.go:105.15,107.3 1 2
github.com/hahaclassic/orpheon/backend/internal/domain/services/content/playlist/meta/meta.go:109.2,109.66 1 2
github.com/hahaclassic/orpheon/backend/internal/domain/services/content/playlist/meta/meta.go:109.66,111.3 1 1
github.com/hahaclassic/orpheon/backend/internal/domain/services/content/playlist/meta/meta.go:113.2,115.37 2 1
github.com/hahaclassic/orpheon/backend/internal/domain/services/content/playlist/meta/meta.go:118.120,119.15 1 3
github.com/hahaclassic/orpheon/backend/internal/domain/services/content/playlist/meta/meta.go:119.15,121.3 1 3
github.com/hahaclassic/orpheon/backend/internal/domain/services/content/playlist/meta/meta.go:123.2,123.67 1 3
github.com/hahaclassic/orpheon/backend/internal/domain/services/content/playlist/meta/meta.go:123.67,125.3 1 1
github.com/hahaclassic/orpheon/backend/internal/domain/services/content/playlist/meta/meta.go:127.2,127.70 1 2
github.com/hahaclassic/orpheon/backend/internal/domain/services/content/playlist/meta/meta.go:127.70,129.3 1 1
github.com/hahaclassic/orpheon/backend/internal/domain/services/content/playlist/meta/meta.go:131.2,131.39 1 1
github.com/hahaclassic/orpheon/backend/internal/domain/services/content/playlist/deleter/deleter.go:46.67,47.35 1 5
github.com/hahaclassic/orpheon/backend/internal/domain/services/content/playlist/deleter/deleter.go:47.35,49.3 1 5
github.com/hahaclassic/orpheon/backend/internal/domain/services/content/playlist/deleter/deleter.go:52.71,53.35 1 5
github.com/hahaclassic/orpheon/backend/internal/domain/services/content/playlist/deleter/deleter.go:53.35,55.3 1 5
github.com/hahaclassic/orpheon/backend/internal/domain/services/content/playlist/deleter/deleter.go:58.81,59.35 1 5
github.com/hahaclassic/orpheon/backend/internal/domain/services/content/playlist/deleter/deleter.go:59.35,61.3 1 5
github.com/hahaclassic/orpheon/backend/internal/domain/services/content/playlist/deleter/deleter.go:64.78,65.35 1 5
github.com/hahaclassic/orpheon/backend/internal/domain/services/content/playlist/deleter/deleter.go:65.35,67.3 1 5
github.com/hahaclassic/orpheon/backend/internal/domain/services/content/playlist/deleter/deleter.go:70.50,72.36 2 5
github.com/hahaclassic/orpheon/backend/internal/domain/services/content/playlist/deleter/deleter.go:72.36,74.3 1 20
github.com/hahaclassic/orpheon/backend/internal/domain/services/content/playlist/deleter/deleter.go:76.2,76.16 1 5
github.com/hahaclassic/orpheon/backend/internal/domain/services/content/playlist/deleter/deleter.go:81.120,84.15 2 5
github.com/hahaclassic/orpheon/backend/internal/domain/services/content/playlist/deleter/deleter.go:84.15,85.17 1 5
github.com/hahaclassic/orpheon/backend/internal/domain/services/content/playlist/deleter/deleter.go:85.17,88.45 2 4
github.com/hahaclassic/orpheon/backend/internal/domain/services/content/playlist/deleter/deleter.go:88.45,90.5 1 6
github.com/hahaclassic/orpheon/backend/internal/domain/services/content/playlist/deleter/deleter.go:94.2,94.24 1 5
github.com/hahaclassic/orpheon/backend/internal/domain/services/content/playlist/deleter/deleter.go:94.24,96.17 2 5
github.com/hahaclassic/orpheon/backend/internal/domain/services/content/playlist/deleter/deleter.go:96.17,98.4 1 1
github.com/hahaclassic/orpheon/backend/internal/domain/services/content/playlist/deleter/deleter.go:99.3,99.42 1 4
github.com/hahaclassic/orpheon/backend/internal/domain/services/content/playlist/deleter/deleter.go:102.2,102.20 1 4
github.com/hahaclassic/orpheon/backend/internal/domain/services/content/playlist/deleter/deleter.go:102.20,104.17 2 4
github.com/hahaclassic/orpheon/backend/internal/domain/services/content/playlist/deleter/deleter.go:104.17,106.4 1 1
github.com/hahaclassic/orpheon/backend/internal/domain/services/content/playlist/deleter/deleter.go:107.3,107.42 1 3
github.com/hahaclassic/orpheon/backend/internal/domain/services/content/playlist/deleter/deleter.go:110.2,110.21 1 3
github.com/hahaclassic/orpheon/backend/internal/domain/services/content/playlist/deleter/deleter.go:110.21,112.17 2 3
github.com/hahaclassic/orpheon/backend/internal/domain/services/content/playlist/deleter/deleter.go:112.17,114.4 1 1
github.com/hahaclassic/orpheon/backend/internal/domain/services/content/playlist/deleter/deleter.go:115.3,115.42 1 2
github.com/hahaclassic/orpheon/backend/internal/domain/services/content/playlist/deleter/deleter.go:118.2,118.19 1 2
github.com/hahaclassic/orpheon/backend/internal/domain/services/content/playlist/deleter/deleter.go:118.19,120.17 2 2
github.com/hahaclassic/orpheon/backend/internal/domain/services/content/playlist/deleter/deleter.go:120.17,122.4 1 1
github.com/hahaclassic/orpheon/backend/internal/domain/services/content/playlist/deleter/deleter.go:125.2,125.12 1 1
github.com/hahaclassic/orpheon/backend/internal/domain/services/content/playlist/deleter/deleter.go:128.127,130.16 2 5
github.com/hahaclassic/orpheon/backend/internal/domain/services/content/playlist/deleter/deleter.go:130.16,132.3 1 1
github.com/hahaclassic/orpheon/backend/internal/domain/services/content/playlist/deleter/deleter.go:134.2,135.16 2 4
github.com/hahaclassic/orpheon/backend/internal/domain/services/content/playlist/deleter/deleter.go:135.16,137.3 1 0
github.com/hahaclassic/orpheon/backend/internal/domain/services/content/playlist/deleter/deleter.go:139.2,139.22 1 4
github.com/hahaclassic/orpheon/backend/internal/domain/services/content/playlist/deleter/deleter.go:139.22,141.3 1 3
github.com/hahaclassic/orpheon/backend/internal/domain/services/content/playlist/deleter/deleter.go:144.127,146.16 2 3
github.com/hahaclassic/orpheon/backend/internal/domain/services/content/playlist/deleter/deleter.go:146.16,148.3 1 1
github.com/hahaclassic/orpheon/backend/internal/domain/services/content/playlist/deleter/deleter.go:150.2,151.43 2 2
github.com/hahaclassic/orpheon/backend/internal/domain/services/content/playlist/deleter/deleter.go:151.43,152.23 1 0
github.com/hahaclassic/orpheon/backend/internal/domain/services/content/playlist/deleter/deleter.go:152.23,154.4 1 0
github.com/hahaclassic/orpheon/backend/internal/domain/services/content/playlist/deleter/deleter.go:156.2,156.16 1 2
github.com/hahaclassic/orpheon/backend/internal/domain/services/content/playlist/deleter/deleter.go:156.16,158.3 1 0
github.com/hahaclassic/orpheon/backend/internal/domain/services/content/playlist/deleter/deleter.go:160.2,160.22 1 2
github.com/hahaclassic/orpheon/backend/internal/domain/services/content/playlist/deleter/deleter.go:160.22,162.25 2 1
github.com/hahaclassic/orpheon/backend/internal/domain/services/content/playlist/deleter/deleter.go:162.25,164.4 1 1
github.com/hahaclassic/orpheon/backend/internal/domain/services/content/playlist/deleter/deleter.go:166.3,166.70 1 1
github.com/hahaclassic/orpheon/backend/internal/domain/services/content/playlist/deleter/deleter.go:170.123,172.43 2 4
github.com/hahaclassic/orpheon/backend/internal/domain/services/content/playlist/deleter/deleter.go:172.43,173.23 1 0
github.com/hahaclassic/orpheon/backend/internal/domain/services/content/playlist/deleter/deleter.go:173.23,175.4 1 0
github.com/hahaclassic/orpheon/backend/internal/domain/services/content/playlist/deleter/deleter.go:177.2,177.16 1 4
github.com/hahaclassic/orpheon/backend/internal/domain/services/content/playlist/deleter/deleter.go:177.16,179.3 1 1
github.com/hahaclassic/orpheon/backend/internal/domain/services/content/playlist/deleter/deleter.go:181.2,182.16 2 3
github.com/hahaclassic/orpheon/backend/internal/domain/services/content/playlist/deleter/deleter.go:182.16,184.3 1 0
github.com/hahaclassic/orpheon/backend/internal/domain/services/content/playlist/deleter/deleter.go:186.2,186.22 1 3
github.com/hahaclassic/orpheon/backend/internal/domain/services/content/playlist/deleter/deleter.go:186.22,188.3 1 2
github.com/hahaclassic/orpheon/backend/internal/domain/services/content/playlist/deleter/deleter.go:191.110,193.2 1 2
github.com/hahaclassic/orpheon/backend/internal/domain/services/content/playlist/policy/policy.go:21.70,25.2 1 9
github.com/hahaclassic/orpheon/backend/internal/domain/services/content/playlist/policy/policy.go:27.119,28.15 1 3
github.com/hahaclassic/orpheon/backend/internal/domain/services/content/playlist/policy/policy.go:28.15,30.3 1 3
github.com/hahaclassic/orpheon/backend/internal/domain/services/content/playlist/policy/policy.go:32.2,33.16 2 3
github.com/hahaclassic/orpheon/backend/internal/domain/services/content/playlist/policy/policy.go:33.16,35.3 1 0
github.com/hahaclassic/orpheon/backend/internal/domain/services/content/playlist/policy/policy.go:37.2,37.73 1 3
github.com/hahaclassic/orpheon/backend/internal/domain/services/content/playlist/policy/policy.go:37.73,39.3 1 2
github.com/hahaclassic/orpheon/backend/internal/domain/services/content/playlist/policy/policy.go:41.2,41.31 1 1
github.com/hahaclassic/orpheon/backend/internal/domain/services/content/playlist/policy/policy.go:44.119,45.15 1 2
github.com/hahaclassic/orpheon/backend/internal/domain/services/content/playlist/policy/policy.go:45.15,47.3 1 2
github.com/hahaclassic/orpheon/backend/internal/domain/services/content/playlist/policy/policy.go:49.2,50.16 2 2
github.com/hahaclassic/orpheon/backend/internal/domain/services/content/playlist/policy/policy.go:50.16,52.3 1 0
github.com/hahaclassic/orpheon/backend/internal/domain/services/content/playlist/policy/policy.go:54.2,54.52 1 2
github.com/hahaclassic/orpheon/backend/internal/domain/services/content/playlist/policy/policy.go:54.52,56.3 1 1
github.com/hahaclassic/orpheon/backend/internal/domain/services/content/playlist/policy/policy.go:58.2,58.31 1 1
github.com/hahaclassic/orpheon/backend/internal/domain/services/content/playlist/policy/policy.go:61.121,62.15 1 4
github.com/hahaclassic/orpheon/backend/internal/domain/services/content/playlist/policy/policy.go:62.15,64.3 1 4
github.com/hahaclassic/orpheon/backend/internal/domain/services/content/playlist/policy/policy.go:66.2,67.16 2 4
github.com/hahaclassic/orpheon/backend/internal/domain/services/content/playlist/policy/policy.go:67.16,69.3 1 0
github.com/hahaclassic/orpheon/backend/internal/domain/services/content/playlist/policy/policy.go:71.2,72.74 1 4
github.com/hahaclassic/orpheon/backend/internal/domain/services/content/playlist/policy/policy.go:72.74,74.3 1 2
github.com/hahaclassic/orpheon/backend/internal/domain/services/content/playlist/policy/policy.go:76.2,76.31 1 2
github.com/hahaclassic/orpheon/backend/internal/domain/services/content/playlist/privacy/privacy.go:30.107,36.2 1 6
github.com/hahaclassic/orpheon/backend/internal/domain/services/content/playlist/privacy/privacy.go:40.142,43.69 2 6
github.com/hahaclassic/orpheon/backend/internal/domain/services/content/playlist/privacy/privacy.go:43.69,45.3 1 1
github.com/hahaclassic/orpheon/backend/internal/domain/services/content/playlist/privacy/privacy.go:47.2,47.15 1 5
github.com/hahaclassic/orpheon/backend/internal/domain/services/content/playlist/privacy/privacy.go:47.15,48.17 1 5
github.com/hahaclassic/orpheon/backend/internal/domain/services/content/playlist/privacy/privacy.go:48.17,51.45 2 3
github.com/hahaclassic/orpheon/backend/internal/domain/services/content/playlist/privacy/privacy.go:51.45,53.5 1 1
github.com/hahaclassic/orpheon/backend/internal/domain/services/content/playlist/privacy/privacy.go:57.2,57.15 1 5
github.com/hahaclassic/orpheon/backend/internal/domain/services/content/playlist/privacy/privacy.go:57.15,59.17 2 4
github.com/hahaclassic/orpheon/backend/internal/domain/services/content/playlist/privacy/privacy.go:59.17,61.4 1 1
github.com/hahaclassic/orpheon/backend/internal/domain/services/content/playlist/privacy/privacy.go:63.3,64.17 2 3
github.com/hahaclassic/orpheon/backend/internal/domain/services/content/playlist/privacy/privacy.go:64.17,66.4 1 1
github.com/hahaclassic/orpheon/backend/internal/domain/services/content/playlist/privacy/privacy.go:68.3,68.55 1 2
github.com/hahaclassic/orpheon/backend/internal/domain/services/content/playlist/privacy/privacy.go:68.55,70.4 1 1
github.com/hahaclassic/orpheon/backend/internal/domain/services/content/playlist/privacy/privacy.go:73.2,74.16 2 3
github.com/hahaclassic/orpheon/backend/internal/domain/services/content/playlist/privacy/privacy.go:74.16,76.3 1 1
github.com/hahaclassic/orpheon/backend/internal/domain/services/content/playlist/privacy/privacy.go:78.2,78.12 1 2
github.com/hahaclassic/orpheon/backend/internal/domain/services/content/playlist/tracks/tracks.go:25.121,30.2 1 12
github.com/hahaclassic/orpheon/backend/internal/domain/services/content/playlist/tracks/tracks.go:32.134,33.15 1 3
github.com/hahaclassic/orpheon/backend/internal/domain/services/content/playlist/tracks/tracks.go:33.15,35.3 1 3
github.com/hahaclassic/orpheon/backend/internal/domain/services/content/playlist/tracks/tracks.go:37.2,37.79 1 3
github.com/hahaclassic/orpheon/backend/internal/domain/services/content/playlist/tracks/tracks.go:37.79,39.3 1 1
github.com/hahaclassic/orpheon/backend/internal/domain/services/content/playlist/tracks/tracks.go:41.2,41.54 1 2
github.com/hahaclassic/orpheon/backend/internal/domain/services/content/playlist/tracks/tracks.go:44.151,45.15 1 3
github.com/hahaclassic/orpheon/backend/internal/domain/services/content/playlist/tracks/tracks.go:45.15,47.3 1 3
github.com/hahaclassic/orpheon/backend/internal/domain/services/content/playlist/tracks/tracks.go:49.2,49.65 1 3
github.com/hahaclassic/orpheon/backend/internal/domain/services/content/playlist/tracks/tracks.go:49.65,51.3 1 1
github.com/hahaclassic/orpheon/backend/internal/domain/services/content/playlist/tracks/tracks.go:53.2,53.53 1 2
github.com/hahaclassic/orpheon/backend/internal/domain/services/content/playlist/tracks/tracks.go:56.137,57.15 1 3
github.com/hahaclassic/orpheon/backend/internal/domain/services/content/playlist/tracks/tracks.go:57.15,59.3 1 3
github.com/hahaclassic/orpheon/backend/internal/domain/services/content/playlist/tracks/tracks.go:61.2,61.79 1 3
github.com/hahaclassic/orpheon/backend/internal/domain/services/content/playlist/tracks/tracks.go:61.79,63.3 1 1
github.com/hahaclassic/orpheon/backend/internal/domain/services/content/playlist/tracks/tracks.go:65.2,65.59 1 2
github.com/hahaclassic/orpheon/backend/internal/domain/services/content/playlist/tracks/tracks.go:68.126,69.15 1 3
github.com/hahaclassic/orpheon/backend/internal/domain/services/content/playlist/tracks/tracks.go:69.15,71.3 1 3
github.com/hahaclassic/orpheon/backend/internal/domain/services/content/playlist/tracks/tracks.go:73.2,73.65 1 3
github.com/hahaclassic/orpheon/backend/internal/domain/services/content/playlist/tracks/tracks.go:73.65,75.3 1 1
github.com/hahaclassic/orpheon/backend/internal/domain/services/content/playlist/tracks/tracks.go:77.2,77.60 1 2
github.com/hahaclassic/orpheon/backend/internal/domain/services/content/playlist/tracks/tracks.go:80.145,81.15 1 0
github.com/hahaclassic/orpheon/backend/internal/domain/services/content/playlist/tracks/tracks.go:81.15,83.3 1 0
github.com/hahaclassic/orpheon/backend/internal/domain/services/content/playlist/tracks/tracks.go:85.2,85.79 1 0
github.com/hahaclassic/orpheon/backend/internal/domain/services/content/playlist/tracks/tracks.go:85.79,87.3 1 0
github.com/hahaclassic/orpheon/backend/internal/domain/services/content/playlist/tracks/tracks.go:89.2,89.55 1 0
github.com/hahaclassic/orpheon/backend/internal/domain/services/content/playlist/tracks/tracks.go:92.149,93.15 1 0
github.com/hahaclassic/orpheon/backend/internal/domain/services/content/playlist/tracks/tracks.go:93.15,95.3 1 0
github.com/hahaclassic/orpheon/backend/internal/domain/services/content/playlist/tracks/tracks.go:97.2,97.65 1 0
github.com/hahaclassic/orpheon/backend/internal/domain/services/content/playlist/tracks/tracks.go:97.65,99.3 1 0
github.com/hahaclassic/orpheon/backend/internal/domain/services/content/playlist/tracks/tracks.go:101.2,101.26 1 0
github.com/hahaclassic/orpheon/backend/internal/domain/services/content/playlist/tracks/tracks.go:101.26,107.64 3 0
github.com/hahaclassic/orpheon/backend/internal/domain/services/content/playlist/tracks/tracks.go:107.64,109.4 1 0
github.com/hahaclassic/orpheon/backend/internal/domain/services/content/playlist/tracks/tracks.go:112.2,112.12 1 0
github.com/hahaclassic/orpheon/backend/internal/domain/services/content/search/search.go:23.61,27.2 1 8
github.com/hahaclassic/orpheon/backend/internal/domain/services/content/search/search.go:29.121,30.15 1 2
github.com/hahaclassic/orpheon/backend/internal/domain/services/content/search/search.go:30.15,32.3 1 2
github.com/hahaclassic/orpheon/backend/internal/domain/services/content/search/search.go:34.2,34.38 1 2
github.com/hahaclassic/orpheon/backend/internal/domain/services/content/search/search.go:37.121,38.15 1 2
github.com/hahaclassic/orpheon/backend/internal/domain/services/content/search/search.go:38.15,40.3 1 2
github.com/hahaclassic/orpheon/backend/internal/domain/services/content/search/search.go:42.2,42.38 1 2
github.com/hahaclassic/orpheon/backend/internal/domain/services/content/search/search.go:45.123,46.15 1 2
github.com/hahaclassic/orpheon/backend/internal/domain/services/content/search/search.go:46.15,48.3 1 2
github.com/hahaclassic/orpheon/backend/internal/domain/services/content/search/search.go:50.2,50.39 1 2
github.com/hahaclassic/orpheon/backend/internal/domain/services/content/search/search.go:53.150,54.15 1 2
github.com/hahaclassic/orpheon/backend/internal/domain/services/content/search/search.go:54.15,56.3 1 2
github.com/hahaclassic/orpheon/backend/internal/domain/services/content/search/search.go:58.2,58.19 1 2
github.com/hahaclassic/orpheon/backend/internal/domain/services/content/search/search.go:58.19,62.3 1 0
github.com/hahaclassic/orpheon/backend/internal/domain/services/content/search/search.go:64.2,65.16 2 2
github.com/hahaclassic/orpheon/backend/internal/domain/services/content/search/search.go:65.16,67.3 1 1
github.com/hahaclassic/orpheon/backend/internal/domain/services/content/search/search.go:69.2,70.27 2 1
github.com/hahaclassic/orpheon/backend/internal/domain/services/content/search/search.go:70.27,71.71 1 3
github.com/hahaclassic/orpheon/backend/internal/domain/services/content/search/search.go:71.71,73.4 1 2
github.com/hahaclassic/orpheon/backend/internal/domain/services/content/search/search.go:76.2,76.32 1 1
github.com/hahaclassic/orpheon/backend/internal/domain/services/content/track/audio/audio.go:34.80,39.2 1 11
github.com/hahaclassic/orpheon/backend/internal/domain/services/content/track/audio/audio.go:41.128,42.15 1 3
github.com/hahaclassic/orpheon/backend/internal/domain/services/content/track/audio/audio.go:42.15,44.3 1 3
github.com/hahaclassic/orpheon/backend/internal/domain/services/content/track/audio/audio.go:46.2,46.30 1 3
github.com/hahaclassic/orpheon/backend/internal/domain/services/content/track/audio/audio.go:46.30,48.3 1 1
github.com/hahaclassic/orpheon/backend/internal/domain/services/content/track/audio/audio.go:50.2,50.41 1 2
github.com/hahaclassic/orpheon/backend/internal/domain/services/content/track/audio/audio.go:53.126,54.15 1 5
github.com/hahaclassic/orpheon/backend/internal/domain/services/content/track/audio/audio.go:54.15,56.3 1 5
github.com/hahaclassic/orpheon/backend/internal/domain/services/content/track/audio/audio.go:58.2,58.9 1 5
github.com/hahaclassic/orpheon/backend/internal/domain/services/content/track/audio/audio.go:59.57,60.32 1 1
github.com/hahaclassic/orpheon/backend/internal/domain/services/content/track/audio/audio.go:61.91,62.31 1 1
github.com/hahaclassic/orpheon/backend/internal/domain/services/content/track/audio/audio.go:63.33,64.27 1 0
github.com/hahaclassic/orpheon/backend/internal/domain/services/content/track/audio/audio.go:67.2,68.16 2 3
github.com/hahaclassic/orpheon/backend/internal/domain/services/content/track/audio/audio.go:68.16,70.3 1 1
github.com/hahaclassic/orpheon/backend/internal/domain/services/content/track/audio/audio.go:72.2,72.47 1 2
github.com/hahaclassic/orpheon/backend/internal/domain/services/content/track/audio/audio.go:75.119,76.15 1 3
github.com/hahaclassic/orpheon/backend/internal/domain/services/content/track/audio/audio.go:76.15,78.3 1 3
github.com/hahaclassic/orpheon/backend/internal/domain/services/content/track/audio/audio.go:80.2,80.55 1 3
github.com/hahaclassic/orpheon/backend/internal/domain/services/content/track/audio/audio.go:80.55,82.3 1 1
github.com/hahaclassic/orpheon/backend/internal/domain/services/content/track/audio/audio.go:84.2,84.40 1 2
github.com/hahaclassic/orpheon/backend/internal/domain/services/content/track/segment/segment.go:40.67,42.2 1 0
github.com/hahaclassic/orpheon/backend/internal/domain/services/content/track/segment/segment.go:44.98,45.25 1 0
github.com/hahaclassic/orpheon/backend/internal/domain/services/content/track/segment/segment.go:45.25,47.3 1 0
github.com/hahaclassic/orpheon/backend/internal/domain/services/content/track/segment/segment.go:48.2,49.16 2 0
github.com/hahaclassic/orpheon/backend/internal/domain/services/content/track/segment/segment.go:49.16,51.3 1 0
github.com/hahaclassic/orpheon/backend/internal/domain/services/content/track/segment/segment.go:52.2,52.22 1 0
github.com/hahaclassic/orpheon/backend/internal/domain/services/content/track/segment/segment.go:55.99,56.25 1 0
github.com/hahaclassic/orpheon/backend/internal/domain/services/content/track/segment/segment.go:56.25,58.3 1 0
github.com/hahaclassic/orpheon/backend/internal/domain/services/content/track/segment/segment.go:59.2,59.24 1 0
github.com/hahaclassic/orpheon/backend/internal/domain/services/content/track/segment/segment.go:59.24,61.3 1 0
github.com/hahaclassic/orpheon/backend/internal/domain/services/content/track/segment/segment.go:63.2,66.37 3 0
github.com/hahaclassic/orpheon/backend/internal/domain/services/content/track/segment/segment.go:66.37,71.33 3 0
github.com/hahaclassic/orpheon/backend/internal/domain/services/content/track/segment/segment.go:71.33,73.4 1 0
github.com/hahaclassic/orpheon/backend/internal/domain/services/content/track/segment/segment.go:74.3,79.5 1 0
github.com/hahaclassic/orpheon/backend/internal/domain/services/content/track/segment/segment.go:82.2,82.70 1 0
github.com/hahaclassic/orpheon/backend/internal/domain/services/content/track/segment/segment.go:82.70,84.3 1 0
github.com/hahaclassic/orpheon/backend/internal/domain/services/content/track/segment/segment.go:85.2,85.12 1 0
github.com/hahaclassic/orpheon/backend/internal/domain/services/content/track/segment/segment.go:88.80,89.25 1 0
github.com/hahaclassic/orpheon/backend/internal/domain/services/content/track/segment/segment.go:89.25,91.3 1 0
github.com/hahaclassic/orpheon/backend/internal/domain/services/content/track/segment/segment.go:92.2,92.60 1 0
github.com/hahaclassic/orpheon/backend/internal/domain/services/content/track/segment/segment.go:92.60,94.3 1 0
github.com/hahaclassic/orpheon/backend/internal/domain/services/content/track/segment/segment.go:95.2,95.12 1 0
github.com/hahaclassic/orpheon/backend/internal/domain/services/content/track/segment/segment.go:98.107,99.25 1 0
github.com/hahaclassic/orpheon/backend/internal/domain/services/content/track/segment/segment.go:99.25,101.3 1 0
github.com/hahaclassic/orpheon/backend/internal/domain/services/content/track/segment/segment.go:102.2,102.81 1 0
github.com/hahaclassic/orpheon/backend/internal/domain/services/content/track/segment/segment.go:102.81,104.3 1 0
github.com/hahaclassic/orpheon/backend/internal/domain/services/content/track/segment/segment.go:105.2,105.12 1 0
github.com/hahaclassic/orpheon/backend/internal/domain/services/content/track/meta/meta.go:31.112,33.2 1 12
github.com/hahaclassic/orpheon/backend/internal/domain/services/content/track/meta/meta.go:35.114,36.15 1 1
github.com/hahaclassic/orpheon/backend/internal/domain/services/content/track/meta/meta.go:36.15,38.3 1 1
github.com/hahaclassic/orpheon/backend/internal/domain/services/content/track/meta/meta.go:40.2,41.16 2 1
github.com/hahaclassic/orpheon/backend/internal/domain/services/content/track/meta/meta.go:41.16,43.3 1 0
github.com/hahaclassic/orpheon/backend/internal/domain/services/content/track/meta/meta.go:45.2,45.19 1 1
github.com/hahaclassic/orpheon/backend/internal/domain/services/content/track/meta/meta.go:48.138,49.15 1 4
github.com/hahaclassic/orpheon/backend/internal/domain/services/content/track/meta/meta.go:49.15,51.3 1 4
github.com/hahaclassic/orpheon/backend/internal/domain/services/content/track/meta/meta.go:53.2,53.55 1 4
github.com/hahaclassic/orpheon/backend/internal/domain/services/content/track/meta/meta.go:53.55,55.3 1 1
github.com/hahaclassic/orpheon/backend/internal/domain/services/content/track/meta/meta.go:57.2,58.16 2 3
github.com/hahaclassic/orpheon/backend/internal/domain/services/content/track/meta/meta.go:58.16,60.3 1 0
github.com/hahaclassic/orpheon/backend/internal/domain/services/content/track/meta/meta.go:62.2,62.49 1 3
github.com/hahaclassic/orpheon/backend/internal/domain/services/content/track/meta/meta.go:62.49,64.3 1 1
github.com/hahaclassic/orpheon/backend/internal/domain/services/content/track/meta/meta.go:66.2,66.86 1 2
github.com/hahaclassic/orpheon/backend/internal/domain/services/content/track/meta/meta.go:66.86,68.3 1 1
github.com/hahaclassic/orpheon/backend/internal/domain/services/content/track/meta/meta.go:70.2,70.22 1 1
github.com/hahaclassic/orpheon/backend/internal/domain/services/content/track/meta/meta.go:73.125,74.15 1 3
github.com/hahaclassic/orpheon/backend/internal/domain/services/content/track/meta/meta.go:74.15,76.3 1 3
github.com/hahaclassic/orpheon/backend/internal/domain/services/content/track/meta/meta.go:78.2,78.55 1 3
github.com/hahaclassic/orpheon/backend/internal/domain/services/content/track/meta/meta.go:78.55,80.3 1 1
github.com/hahaclassic/orpheon/backend/internal/domain/services/content/track/meta/meta.go:82.2,82.34 1 2
github.com/hahaclassic/orpheon/backend/internal/domain/services/content/track/meta/meta.go:85.119,86.15 1 4
github.com/hahaclassic/orpheon/backend/internal/domain/services/content/track/meta/meta.go:86.15,88.3 1 4
github.com/hahaclassic/orpheon/backend/internal/domain/services/content/track/meta/meta.go:90.2,90.55 1 4
github.com/hahaclassic/orpheon/backend/internal/domain/services/content/track/meta/meta.go:90.55,92.3 1 1
github.com/hahaclassic/orpheon/backend/internal/domain/services/content/track/meta/meta.go:94.2,94.69 1 3
github.com/hahaclassic/orpheon/backend/internal/domain/services/content/track/meta/meta.go:94.69,96.3 1 1
github.com/hahaclassic/orpheon/backend/internal/domain/services/content/track/meta/meta.go:98.2,98.36 1 2
github.com/hahaclassic/orpheon/backend/internal/domain/services/stat/consumer/consumer.go:24.85,26.2 1 4
github.com/hahaclassic/orpheon/backend/internal/domain/services/stat/consumer/consumer.go:28.73,29.15 1 2
github.com/hahaclassic/orpheon/backend/internal/domain/services/stat/consumer/consumer.go:29.15,30.17 1 2
github.com/hahaclassic/orpheon/backend/internal/domain/services/stat/consumer/consumer.go:30.17,32.4 1 1
github.com/hahaclassic/orpheon/backend/internal/domain/services/stat/consumer/consumer.go:35.2,35.54 1 2
github.com/hahaclassic/orpheon/backend/internal/domain/services/stat/consumer/consumer.go:38.119,39.15 1 2
github.com/hahaclassic/orpheon/backend/internal/domain/services/stat/consumer/consumer.go:39.15,40.17 1 2
github.com/hahaclassic/orpheon/backend/internal/domain/services/stat/consumer/consumer.go:40.17,42.4 1 1
github.com/hahaclassic/orpheon/backend/internal/domain/services/stat/consumer/consumer.go:45.2,45.38 1 2
github.com/hahaclassic/orpheon/backend/internal/domain/services/stat/processor/processor.go:31.118,33.2 1 5
github.com/hahaclassic/orpheon/backend/internal/domain/services/stat/processor/processor.go:35.106,36.15 1 5
github.com/hahaclassic/orpheon/backend/internal/domain/services/stat/processor/processor.go:36.15,37.17 1 5
github.com/hahaclassic/orpheon/backend/internal/domain/services/stat/processor/processor.go:37.17,39.4 1 3
github.com/hahaclassic/orpheon/backend/internal/domain/services/stat/processor/processor.go:42.2,43.16 2 5
github.com/hahaclassic/orpheon/backend/internal/domain/services/stat/processor/processor.go:43.16,45.3 1 1
github.com/hahaclassic/orpheon/backend/internal/domain/services/stat/processor/processor.go:47.2,49.95 2 4
github.com/hahaclassic/orpheon/backend/internal/domain/services/stat/processor/processor.go:49.95,51.3 1 1
github.com/hahaclassic/orpheon/backend/internal/domain/services/stat/processor/processor.go:53.2,54.19 2 3
github.com/hahaclassic/orpheon/backend/internal/domain/services/stat/processor/processor.go:54.19,56.3 1 2
github.com/hahaclassic/orpheon/backend/internal/domain/services/stat/processor/processor.go:58.2,58.69 1 3
github.com/hahaclassic/orpheon/backend/internal/domain/services/stat/processor/processor.go:58.69,59.83 1 2
github.com/hahaclassic/orpheon/backend/internal/domain/services/stat/processor/processor.go:59.83,61.4 1 1
github.com/hahaclassic/orpheon/backend/internal/domain/services/stat/processor/processor.go:64.2,64.12 1 2
github.com/hahaclassic/orpheon/backend/internal/domain/services/stat/processor/processor.go:67.123,72.67 4 4
github.com/hahaclassic/orpheon/backend/internal/domain/services/stat/processor/processor.go:72.67,73.44 1 8
github.com/hahaclassic/orpheon/backend/internal/domain/services/stat/processor/processor.go:73.44,75.4 1 1
github.com/hahaclassic/orpheon/backend/internal/domain/services/stat/processor/processor.go:77.3,78.73 2 7
github.com/hahaclassic/orpheon/backend/internal/domain/services/stat/processor/processor.go:78.73,81.4 2 6
github.com/hahaclassic/orpheon/backend/internal/domain/services/stat/processor/processor.go:84.2,84.45 1 4
github.com/hahaclassic/orpheon/backend/internal/domain/services/stat/processor/processor.go:84.45,91.54 5 4
github.com/hahaclassic/orpheon/backend/internal/domain/services/stat/processor/processor.go:91.54,92.39 1 8
github.com/hahaclassic/orpheon/backend/internal/domain/services/stat/processor/processor.go:92.39,93.13 1 0
github.com/hahaclassic/orpheon/backend/internal/domain/services/stat/processor/processor.go:95.4,96.48 2 8
github.com/hahaclassic/orpheon/backend/internal/domain/services/stat/processor/processor.go:100.2,100.38 1 4
github.com/hahaclassic/orpheon/backend/internal/domain/services/stat/processor/processor.go:103.69,108.2 1 7
github.com/hahaclassic/orpheon/backend/internal/domain/services/stat/processor/processor.go:110.50,112.35 2 3
github.com/hahaclassic/orpheon/backend/internal/domain/services/stat/processor/processor.go:112.35,114.3 1 11
github.com/hahaclassic/orpheon/backend/internal/domain/services/stat/processor/processor.go:115.2,115.12 1 3
github.com/hahaclassic/orpheon/backend/internal/domain/services/stat/publisher/publisher.go:28.52,30.2 1 3
github.com/hahaclassic/orpheon/backend/internal/domain/services/stat/publisher/publisher.go:32.120,33.15 1 3
github.com/hahaclassic/orpheon/backend/internal/domain/services/stat/publisher/publisher.go:33.15,34.17 1 3
github.com/hahaclassic/orpheon/backend/internal/domain/services/stat/publisher/publisher.go:34.17,36.4 1 2
github.com/hahaclassic/orpheon/backend/internal/domain/services/stat/publisher/publisher.go:39.2,39.45 1 3
github.com/hahaclassic/orpheon/backend/internal/domain/services/stat/publisher/publisher.go:39.45,41.3 1 1
github.com/hahaclassic/orpheon/backend/internal/domain/services/stat/publisher/publisher.go:43.2,43.49 1 2
github.com/hahaclassic/orpheon/backend/internal/domain/services/stat/publisher/publisher.go:43.49,45.3 1 1
github.com/hahaclassic/orpheon/backend/internal/domain/services/stat/publisher/publisher.go:47.2,47.12 1 1
github.com/hahaclassic/orpheon/backend/internal/domain/services/stat/publisher/publisher.go:50.54,52.33 2 3
github.com/hahaclassic/orpheon/backend/internal/domain/services/stat/publisher/publisher.go:52.33,54.3 1 5
github.com/hahaclassic/orpheon/backend/internal/domain/services/stat/publisher/publisher.go:56.2,56.14 1 3
github.com/hahaclassic/orpheon/backend/internal/infrastructure/redis/redis.go:20.61,30.47 4 0
github.com/hahaclassic/orpheon/backend/internal/infrastructure/redis/redis.go:30.47,32.3 1 0
github.com/hahaclassic/orpheon/backend/internal/infrastructure/redis/redis.go:34.2,34.20 1 0
github.com/hahaclassic/orpheon/backend/internal/repository/auth/auth-repo/postgres/postgres.go:16.60,18.2 1 0
github.com/hahaclassic/orpheon/backend/internal/repository/auth/auth-repo/postgres/postgres.go:20.124,28.16 3 0
github.com/hahaclassic/orpheon/backend/internal/repository/auth/auth-repo/postgres/postgres.go:28.16,30.3 1 0
github.com/hahaclassic/orpheon/backend/internal/repository/auth/auth-repo/postgres/postgres.go:32.2,32.12 1 0
github.com/hahaclassic/orpheon/backend/internal/repository/auth/auth-repo/postgres/postgres.go:35.96,44.16 4 0
github.com/hahaclassic/orpheon/backend/internal/repository/auth/auth-repo/postgres/postgres.go:44.16,46.3 1 0
github.com/hahaclassic/orpheon/backend/internal/repository/auth/auth-repo/postgres/postgres.go:48.2,48.22 1 0
github.com/hahaclassic/orpheon/backend/internal/repository/auth/auth-repo/postgres/postgres.go:51.97,60.16 4 0
github.com/hahaclassic/orpheon/backend/internal/repository/auth/auth-repo/postgres/postgres.go:60.16,62.3 1 0
github.com/hahaclassic/orpheon/backend/internal/repository/auth/auth-repo/postgres/postgres.go:64.2,64.22 1 0
github.com/hahaclassic/orpheon/backend/internal/repository/auth/auth-repo/postgres/postgres.go:67.102,76.16 4 0
github.com/hahaclassic/orpheon/backend/internal/repository/auth/auth-repo/postgres/postgres.go:76.16,78.3 1 0
github.com/hahaclassic/orpheon/backend/internal/repository/auth/auth-repo/postgres/postgres.go:80.2,80.21 1 0
github.com/hahaclassic/orpheon/backend/internal/repository/auth/auth-repo/postgres/postgres.go:83.106,91.16 3 0
github.com/hahaclassic/orpheon/backend/internal/repository/auth/auth-repo/postgres/postgres.go:91.16,93.3 1 0
github.com/hahaclassic/orpheon/backend/internal/repository/auth/auth-repo/postgres/postgres.go:94.2,94.28 1 0
github.com/hahaclassic/orpheon/backend/internal/repository/auth/auth-repo/postgres/postgres.go:94.28,96.3 1 0
github.com/hahaclassic/orpheon/backend/internal/repository/auth/auth-repo/postgres/postgres.go:98.2,98.12 1 0
github.com/hahaclassic/orpheon/backend/internal/repository/content/album/cover/minio/minio.go:20.123,22.16 2 0
github.com/hahaclassic/orpheon/backend/internal/repository/content/album/cover/minio/minio.go:22.16,24.3 1 0
github.com/hahaclassic/orpheon/backend/internal/repository/content/album/cover/minio/minio.go:25.2,25.13 1 0
github.com/hahaclassic/orpheon/backend/internal/repository/content/album/cover/minio/minio.go:25.13,26.87 1 0
github.com/hahaclassic/orpheon/backend/internal/repository/content/album/cover/minio/minio.go:26.87,28.4 1 0
github.com/hahaclassic/orpheon/backend/internal/repository/content/album/cover/minio/minio.go:31.2,34.8 1 0
github.com/hahaclassic/orpheon/backend/internal/repository/content/album/cover/minio/minio.go:37.90,44.16 3 0
github.com/hahaclassic/orpheon/backend/internal/repository/content/album/cover/minio/minio.go:44.16,46.3 1 0
github.com/hahaclassic/orpheon/backend/internal/repository/content/album/cover/minio/minio.go:47.2,47.12 1 0
github.com/hahaclassic/orpheon/backend/internal/repository/content/album/cover/minio/minio.go:50.104,54.16 3 0
github.com/hahaclassic/orpheon/backend/internal/repository/content/album/cover/minio/minio.go:54.16,56.3 1 0
github.com/hahaclassic/orpheon/backend/internal/repository/content/album/cover/minio/minio.go:57.2,57.15 1 0
github.com/hahaclassic/orpheon/backend/internal/repository/content/album/cover/minio/minio.go:57.15,59.17 2 0
github.com/hahaclassic/orpheon/backend/internal/repository/content/album/cover/minio/minio.go:59.17,61.4 1 0
github.com/hahaclassic/orpheon/backend/internal/repository/content/album/cover/minio/minio.go:64.2,65.16 2 0
github.com/hahaclassic/orpheon/backend/internal/repository/content/album/cover/minio/minio.go:65.16,67.3 1 0
github.com/hahaclassic/orpheon/backend/internal/repository/content/album/cover/minio/minio.go:69.2,72.8 1 0
github.com/hahaclassic/orpheon/backend/internal/repository/content/album/cover/minio/minio.go:75.90,78.16 3 0
github.com/hahaclassic/orpheon/backend/internal/repository/content/album/cover/minio/minio.go:78.16,80.3 1 0
github.com/hahaclassic/orpheon/backend/internal/repository/content/album/cover/minio/minio.go:81.2,81.12 1 0
github.com/hahaclassic/orpheon/backend/internal/repository/content/album/tracks/postgres/tracks.go:15.72,17.2 1 0
github.com/hahaclassic/orpheon/backend/internal/repository/content/album/tracks/postgres/tracks.go:19.114,26.16 3 0
github.com/hahaclassic/orpheon/backend/internal/repository/content/album/tracks/postgres/tracks.go:26.16,28.3 1 0
github.com/hahaclassic/orpheon/backend/internal/repository/content/album/tracks/postgres/tracks.go:29.2,32.18 3 0
github.com/hahaclassic/orpheon/backend/internal/repository/content/album/tracks/postgres/tracks.go:32.18,36.73 2 0
github.com/hahaclassic/orpheon/backend/internal/repository/content/album/tracks/postgres/tracks.go:36.73,38.4 1 0
github.com/hahaclassic/orpheon/backend/internal/repository/content/album/tracks/postgres/tracks.go:39.3,39.34 1 0
github.com/hahaclassic/orpheon/backend/internal/repository/content/album/tracks/postgres/tracks.go:42.2,42.35 1 0
github.com/hahaclassic/orpheon/backend/internal/repository/content/album/tracks/postgres/tracks.go:42.35,44.3 1 0
github.com/hahaclassic/orpheon/backend/internal/repository/content/album/tracks/postgres/tracks.go:46.2,46.20 1 0
github.com/hahaclassic/orpheon/backend/internal/repository/content/album/meta/postgres/postgres.go:16.62,18.2 1 0
github.com/hahaclassic/orpheon/backend/internal/repository/content/album/meta/postgres/postgres.go:20.91,26.16 3 0
github.com/hahaclassic/orpheon/backend/internal/repository/content/album/meta/postgres/postgres.go:26.16,28.3 1 0
github.com/hahaclassic/orpheon/backend/internal/repository/content/album/meta/postgres/postgres.go:29.2,29.12 1 0
github.com/hahaclassic/orpheon/backend/internal/repository/content/album/meta/postgres/postgres.go:32.98,42.16 5 0
github.com/hahaclassic/orpheon/backend/internal/repository/content/album/meta/postgres/postgres.go:42.16,44.3 1 0
github.com/hahaclassic/orpheon/backend/internal/repository/content/album/meta/postgres/postgres.go:45.2,45.20 1 0
github.com/hahaclassic/orpheon/backend/internal/repository/content/album/meta/postgres/postgres.go:48.90,54.16 3 0
github.com/hahaclassic/orpheon/backend/internal/repository/content/album/meta/postgres/postgres.go:54.16,56.3 1 0
github.com/hahaclassic/orpheon/backend/internal/repository/content/album/meta/postgres/postgres.go:57.2,60.18 3 0
github.com/hahaclassic/orpheon/backend/internal/repository/content/album/meta/postgres/postgres.go:60.18,63.17 3 0
github.com/hahaclassic/orpheon/backend/internal/repository/content/album/meta/postgres/postgres.go:63.17,65.4 1 0
github.com/hahaclassic/orpheon/backend/internal/repository/content/album/meta/postgres/postgres.go:66.3,66.34 1 0
github.com/hahaclassic/orpheon/backend/internal/repository/content/album/meta/postgres/postgres.go:69.2,69.35 1 0
github.com/hahaclassic/orpheon/backend/internal/repository/content/album/meta/postgres/postgres.go:69.35,71.3 1 0
github.com/hahaclassic/orpheon/backend/internal/repository/content/album/meta/postgres/postgres.go:73.2,73.20 1 0
github.com/hahaclassic/orpheon/backend/internal/repository/content/album/meta/postgres/postgres.go:76.113,84.16 3 0
github.com/hahaclassic/orpheon/backend/internal/repository/content/album/meta/postgres/postgres.go:84.16,86.3 1 0
github.com/hahaclassic/orpheon/backend/internal/repository/content/album/meta/postgres/postgres.go:87.2,90.18 3 0
github.com/hahaclassic/orpheon/backend/internal/repository/content/album/meta/postgres/postgres.go:90.18,93.17 3 0
github.com/hahaclassic/orpheon/backend/internal/repository/content/album/meta/postgres/postgres.go:93.17,95.4 1 0
github.com/hahaclassic/orpheon/backend/internal/repository/content/album/meta/postgres/postgres.go:96.3,96.37 1 0
github.com/hahaclassic/orpheon/backend/internal/repository/content/album/meta/postgres/postgres.go:99.2,99.35 1 0
github.com/hahaclassic/orpheon/backend/internal/repository/content/album/meta/postgres/postgres.go:99.35,101.3 1 0
github.com/hahaclassic/orpheon/backend/internal/repository/content/album/meta/postgres/postgres.go:103.2,103.21 1 0
github.com/hahaclassic/orpheon/backend/internal/repository/content/album/meta/postgres/postgres.go:106.107,114.16 3 0
github.com/hahaclassic/orpheon/backend/internal/repository/content/album/meta/postgres/postgres.go:114.16,116.3 1 0
github.com/hahaclassic/orpheon/backend/internal/repository/content/album/meta/postgres/postgres.go:117.2,120.18 3 0
github.com/hahaclassic/orpheon/backend/internal/repository/content/album/meta/postgres/postgres.go:120.18,123.17 3 0
github.com/hahaclassic/orpheon/backend/internal/repository/content/album/meta/postgres/postgres.go:123.17,125.4 1 0
github.com/hahaclassic/orpheon/backend/internal/repository/content/album/meta/postgres/postgres.go:126.3,126.34 1 0
github.com/hahaclassic/orpheon/backend/internal/repository/content/album/meta/postgres/postgres.go:129.2,129.35 1 0
github.com/hahaclassic/orpheon/backend/internal/repository/content/album/meta/postgres/postgres.go:129.35,131.3 1 0
github.com/hahaclassic/orpheon/backend/internal/repository/content/album/meta/postgres/postgres.go:133.2,133.20 1 0
github.com/hahaclassic/orpheon/backend/internal/repository/content/album/meta/postgres/postgres.go:165.91,172.16 3 0
github.com/hahaclassic/orpheon/backend/internal/repository/content/album/meta/postgres/postgres.go:172.16,174.3 1 0
github.com/hahaclassic/orpheon/backend/internal/repository/content/album/meta/postgres/postgres.go:175.2,175.29 1 0
github.com/hahaclassic/orpheon/backend/internal/repository/content/album/meta/postgres/postgres.go:175.29,177.3 1 0
github.com/hahaclassic/orpheon/backend/internal/repository/content/album/meta/postgres/postgres.go:178.2,178.12 1 0
github.com/hahaclassic/orpheon/backend/internal/repository/content/album/meta/postgres/postgres.go:181.80,187.16 3 0
github.com/hahaclassic/orpheon/backend/internal/repository/content/album/meta/postgres/postgres.go:187.16,189.3 1 0
github.com/hahaclassic/orpheon/backend/internal/repository/content/album/meta/postgres/postgres.go:190.2,190.29 1 0
github.com/hahaclassic/orpheon/backend/internal/repository/content/album/meta/postgres/postgres.go:190.29,192.3 1 0
github.com/hahaclassic/orpheon/backend/internal/repository/content/album/meta/postgres/postgres.go:193.2,193.12 1 0
github.com/hahaclassic/orpheon/backend/internal/infrastructure/postgres/postgres.go:37.56,52.16 5 0
github.com/hahaclassic/orpheon/backend/internal/infrastructure/postgres/postgres.go:52.16,54.3 1 0
github.com/hahaclassic/orpheon/backend/internal/infrastructure/postgres/postgres.go:56.2,56.38 1 0
github.com/hahaclassic/orpheon/backend/internal/infrastructure/postgres/postgres.go:56.38,58.3 1 0
github.com/hahaclassic/orpheon/backend/internal/infrastructure/postgres/postgres.go:60.2,60.13 1 0
github.com/hahaclassic/orpheon/backend/internal/repository/auth/refresh-token/redis/refresh.go:28.95,33.2 1 0
github.com/hahaclassic/orpheon/backend/internal/repository/auth/refresh-token/redis/refresh.go:35.59,37.2 1 0
github.com/hahaclassic/orpheon/backend/internal/repository/auth/refresh-token/redis/refresh.go:39.102,41.16 2 0
github.com/hahaclassic/orpheon/backend/internal/repository/auth/refresh-token/redis/refresh.go:41.16,43.3 1 0
github.com/hahaclassic/orpheon/backend/internal/repository/auth/refresh-token/redis/refresh.go:45.2,45.80 1 0
github.com/hahaclassic/orpheon/backend/internal/repository/auth/refresh-token/redis/refresh.go:45.80,47.3 1 0
github.com/hahaclassic/orpheon/backend/internal/repository/auth/refresh-token/redis/refresh.go:49.2,49.12 1 0
github.com/hahaclassic/orpheon/backend/internal/repository/auth/refresh-token/redis/refresh.go:52.97,54.16 2 0
github.com/hahaclassic/orpheon/backend/internal/repository/auth/refresh-token/redis/refresh.go:54.16,55.32 1 0
github.com/hahaclassic/orpheon/backend/internal/repository/auth/refresh-token/redis/refresh.go:55.32,57.4 1 0
github.com/hahaclassic/orpheon/backend/internal/repository/auth/refresh-token/redis/refresh.go:58.3,58.47 1 0
github.com/hahaclassic/orpheon/backend/internal/repository/auth/refresh-token/redis/refresh.go:61.2,62.54 2 0
github.com/hahaclassic/orpheon/backend/internal/repository/auth/refresh-token/redis/refresh.go:62.54,64.3 1 0
github.com/hahaclassic/orpheon/backend/internal/repository/auth/refresh-token/redis/refresh.go:66.2,66.21 1 0
github.com/hahaclassic/orpheon/backend/internal/repository/auth/refresh-token/redis/refresh.go:69.82,70.62 1 0
github.com/hahaclassic/orpheon/backend/internal/repository/auth/refresh-token/redis/refresh.go:70.62,72.3 1 0
github.com/hahaclassic/orpheon/backend/internal/repository/auth/refresh-token/redis/refresh.go:73.2,73.12 1 0
github.com/hahaclassic/orpheon/backend/internal/repository/auth/refresh-token/redis/refresh.go:76.57,79.2 2 0
github.com/hahaclassic/orpheon/backend/internal/domain/services/user/user.go:30.44,34.2 1 10
github.com/hahaclassic/orpheon/backend/internal/domain/services/user/user.go:36.103,37.15 1 2
github.com/hahaclassic/orpheon/backend/internal/domain/services/user/user.go:37.15,39.3 1 2
github.com/hahaclassic/orpheon/backend/internal/domain/services/user/user.go:41.2,42.16 2 2
github.com/hahaclassic/orpheon/backend/internal/domain/services/user/user.go:42.16,44.3 1 0
github.com/hahaclassic/orpheon/backend/internal/domain/services/user/user.go:46.2,50.52 4 2
github.com/hahaclassic/orpheon/backend/internal/domain/services/user/user.go:50.52,52.3 1 1
github.com/hahaclassic/orpheon/backend/internal/domain/services/user/user.go:54.2,54.16 1 1
github.com/hahaclassic/orpheon/backend/internal/domain/services/user/user.go:57.102,58.15 1 1
github.com/hahaclassic/orpheon/backend/internal/domain/services/user/user.go:58.15,60.3 1 1
github.com/hahaclassic/orpheon/backend/internal/domain/services/user/user.go:62.2,62.36 1 1
github.com/hahaclassic/orpheon/backend/internal/domain/services/user/user.go:65.113,66.15 1 3
github.com/hahaclassic/orpheon/backend/internal/domain/services/user/user.go:66.15,68.3 1 3
github.com/hahaclassic/orpheon/backend/internal/domain/services/user/user.go:70.2,70.47 1 3
github.com/hahaclassic/orpheon/backend/internal/domain/services/user/user.go:70.47,72.3 1 1
github.com/hahaclassic/orpheon/backend/internal/domain/services/user/user.go:74.2,74.37 1 2
github.com/hahaclassic/orpheon/backend/internal/domain/services/user/user.go:77.108,78.15 1 4
github.com/hahaclassic/orpheon/backend/internal/domain/services/user/user.go:78.15,80.3 1 4
github.com/hahaclassic/orpheon/backend/internal/domain/services/user/user.go:82.2,82.82 1 4
github.com/hahaclassic/orpheon/backend/internal/domain/services/user/user.go:82.82,84.3 1 1
github.com/hahaclassic/orpheon/backend/internal/domain/services/user/user.go:86.2,86.39 1 3
github.com/hahaclassic/orpheon/backend/internal/repository/content/artist/avatar/minio/minio.go:20.127,22.16 2 0
github.com/hahaclassic/orpheon/backend/internal/repository/content/artist/avatar/minio/minio.go:22.16,24.3 1 0
github.com/hahaclassic/orpheon/backend/internal/repository/content/artist/avatar/minio/minio.go:25.2,25.13 1 0
github.com/hahaclassic/orpheon/backend/internal/repository/content/artist/avatar/minio/minio.go:25.13,26.87 1 0
github.com/hahaclassic/orpheon/backend/internal/repository/content/artist/avatar/minio/minio.go:26.87,28.4 1 0
github.com/hahaclassic/orpheon/backend/internal/repository/content/artist/avatar/minio/minio.go:31.2,34.8 1 0
github.com/hahaclassic/orpheon/backend/internal/repository/content/artist/avatar/minio/minio.go:37.92,43.16 3 0
github.com/hahaclassic/orpheon/backend/internal/repository/content/artist/avatar/minio/minio.go:43.16,45.3 1 0
github.com/hahaclassic/orpheon/backend/internal/repository/content/artist/avatar/minio/minio.go:47.2,47.12 1 0
github.com/hahaclassic/orpheon/backend/internal/repository/content/artist/avatar/minio/minio.go:50.107,52.16 2 0
github.com/hahaclassic/orpheon/backend/internal/repository/content/artist/avatar/minio/minio.go:52.16,54.3 1 0
github.com/hahaclassic/orpheon/backend/internal/repository/content/artist/avatar/minio/minio.go:55.2,55.15 1 0
github.com/hahaclassic/orpheon/backend/internal/repository/content/artist/avatar/minio/minio.go:55.15,57.17 2 0
github.com/hahaclassic/orpheon/backend/internal/repository/content/artist/avatar/minio/minio.go:57.17,59.4 1 0
github.com/hahaclassic/orpheon/backend/internal/repository/content/artist/avatar/minio/minio.go:62.2,63.16 2 0
github.com/hahaclassic/orpheon/backend/internal/repository/content/artist/avatar/minio/minio.go:63.16,65.3 1 0
github.com/hahaclassic/orpheon/backend/internal/repository/content/artist/avatar/minio/minio.go:67.2,70.8 1 0
github.com/hahaclassic/orpheon/backend/internal/repository/content/artist/avatar/minio/minio.go:73.93,75.16 2 0
github.com/hahaclassic/orpheon/backend/internal/repository/content/artist/avatar/minio/minio.go:75.16,77.3 1 0
github.com/hahaclassic/orpheon/backend/internal/repository/content/artist/avatar/minio/minio.go:79.2,79.12 1 0
github.com/hahaclassic/orpheon/backend/internal/repository/content/artist/assign/postgres/postgres.go:16.76,18.2 1 0
github.com/hahaclassic/orpheon/backend/internal/repository/content/artist/assign/postgres/postgres.go:20.120,28.16 3 0
github.com/hahaclassic/orpheon/backend/internal/repository/content/artist/assign/postgres/postgres.go:28.16,30.3 1 0
github.com/hahaclassic/orpheon/backend/internal/repository/content/artist/assign/postgres/postgres.go:32.2,32.12 1 0
github.com/hahaclassic/orpheon/backend/internal/repository/content/artist/assign/postgres/postgres.go:35.120,43.16 3 0
github.com/hahaclassic/orpheon/backend/internal/repository/content/artist/assign/postgres/postgres.go:43.16,45.3 1 0
github.com/hahaclassic/orpheon/backend/internal/repository/content/artist/assign/postgres/postgres.go:47.2,47.12 1 0
github.com/hahaclassic/orpheon/backend/internal/repository/content/artist/assign/postgres/postgres.go:50.120,58.16 3 0
github.com/hahaclassic/orpheon/backend/internal/repository/content/artist/assign/postgres/postgres.go:58.16,60.3 1 0
github.com/hahaclassic/orpheon/backend/internal/repository/content/artist/assign/postgres/postgres.go:61.2,64.18 3 0
github.com/hahaclassic/orpheon/backend/internal/repository/content/artist/assign/postgres/postgres.go:64.18,67.17 3 0
github.com/hahaclassic/orpheon/backend/internal/repository/content/artist/assign/postgres/postgres.go:67.17,69.4 1 0
github.com/hahaclassic/orpheon/backend/internal/repository/content/artist/assign/postgres/postgres.go:70.3,70.34 1 0
github.com/hahaclassic/orpheon/backend/internal/repository/content/artist/assign/postgres/postgres.go:73.2,73.35 1 0
github.com/hahaclassic/orpheon/backend/internal/repository/content/artist/assign/postgres/postgres.go:73.35,75.3 1 0
github.com/hahaclassic/orpheon/backend/internal/repository/content/artist/assign/postgres/postgres.go:77.2,77.20 1 0
github.com/hahaclassic/orpheon/backend/internal/repository/content/artist/assign/postgres/postgres.go:80.120,88.16 3 0
github.com/hahaclassic/orpheon/backend/internal/repository/content/artist/assign/postgres/postgres.go:88.16,90.3 1 0
github.com/hahaclassic/orpheon/backend/internal/repository/content/artist/assign/postgres/postgres.go:91.2,94.18 3 0
github.com/hahaclassic/orpheon/backend/internal/repository/content/artist/assign/postgres/postgres.go:94.18,98.17 3 0
github.com/hahaclassic/orpheon/backend/internal/repository/content/artist/assign/postgres/postgres.go:98.17,100.4 1 0
github.com/hahaclassic/orpheon/backend/internal/repository/content/artist/assign/postgres/postgres.go:101.3,101.34 1 0
github.com/hahaclassic/orpheon/backend/internal/repository/content/artist/assign/postgres/postgres.go:104.2,104.35 1 0
github.com/hahaclassic/orpheon/backend/internal/repository/content/artist/assign/postgres/postgres.go:104.35,106.3 1 0
github.com/hahaclassic/orpheon/backend/internal/repository/content/artist/assign/postgres/postgres.go:108.2,108.20 1 0
github.com/hahaclassic/orpheon/backend/internal/repository/content/artist/assign/postgres/postgres.go:111.121,119.16 3 0
github.com/hahaclassic/orpheon/backend/internal/repository/content/artist/assign/postgres/postgres.go:119.16,121.3 1 0
github.com/hahaclassic/orpheon/backend/internal/repository/content/artist/assign/postgres/postgres.go:122.2,125.18 3 0
github.com/hahaclassic/orpheon/backend/internal/repository/content/artist/assign/postgres/postgres.go:125.18,128.17 3 0
github.com/hahaclassic/orpheon/backend/internal/repository/content/artist/assign/postgres/postgres.go:128.17,130.4 1 0
github.com/hahaclassic/orpheon/backend/internal/repository/content/artist/assign/postgres/postgres.go:131.3,131.37 1 0
github.com/hahaclassic/orpheon/backend/internal/repository/content/artist/assign/postgres/postgres.go:134.2,134.35 1 0
github.com/hahaclassic/orpheon/backend/internal/repository/content/artist/assign/postgres/postgres.go:134.35,136.3 1 0
github.com/hahaclassic/orpheon/backend/internal/repository/content/artist/assign/postgres/postgres.go:138.2,138.21 1 0
github.com/hahaclassic/orpheon/backend/internal/repository/content/artist/assign/postgres/postgres.go:141.121,149.16 3 0
github.com/hahaclassic/orpheon/backend/internal/repository/content/artist/assign/postgres/postgres.go:149.16,151.3 1 0
github.com/hahaclassic/orpheon/backend/internal/repository/content/artist/assign/postgres/postgres.go:152.2,155.18 3 0
github.com/hahaclassic/orpheon/backend/internal/repository/content/artist/assign/postgres/postgres.go:155.18,158.17 3 0
github.com/hahaclassic/orpheon/backend/internal/repository/content/artist/assign/postgres/postgres.go:158.17,160.4 1 0
github.com/hahaclassic/orpheon/backend/internal/repository/content/artist/assign/postgres/postgres.go:161.3,161.37 1 0
github.com/hahaclassic/orpheon/backend/internal/repository/content/artist/assign/postgres/postgres.go:164.2,164.35 1 0
github.com/hahaclassic/orpheon/backend/internal/repository/content/artist/assign/postgres/postgres.go:164.35,166.3 1 0
github.com/hahaclassic/orpheon/backend/internal/repository/content/artist/assign/postgres/postgres.go:168.2,168.21 1 0
github.com/hahaclassic/orpheon/backend/internal/repository/content/artist/assign/postgres/postgres.go:171.124,177.16 3 0
github.com/hahaclassic/orpheon/backend/internal/repository/content/artist/assign/postgres/postgres.go:177.16,179.3 1 0
github.com/hahaclassic/orpheon/backend/internal/repository/content/artist/assign/postgres/postgres.go:180.2,180.12 1 0
github.com/hahaclassic/orpheon/backend/internal/repository/content/artist/assign/postgres/postgres.go:183.124,189.16 3 0
github.com/hahaclassic/orpheon/backend/internal/repository/content/artist/assign/postgres/postgres.go:189.16,191.3 1 0
github.com/hahaclassic/orpheon/backend/internal/repository/content/artist/assign/postgres/postgres.go:192.2,192.12 1 0
github.com/hahaclassic/orpheon/backend/internal/infrastructure/minio/minio.go:21.61,26.16 2 0
github.com/hahaclassic/orpheon/backend/internal/infrastructure/minio/minio.go:26.16,28.3 1 0
github.com/hahaclassic/orpheon/backend/internal/infrastructure/minio/minio.go:29.2,29.20 1 0
github.com/hahaclassic/orpheon/backend/internal/repository/content/genre/assign/postgres/postgres.go:15.74,17.2 1 0
github.com/hahaclassic/orpheon/backend/internal/repository/content/genre/assign/postgres/postgres.go:19.117,25.16 3 0
github.com/hahaclassic/orpheon/backend/internal/repository/content/genre/assign/postgres/postgres.go:25.16,27.3 1 0
github.com/hahaclassic/orpheon/backend/internal/repository/content/genre/assign/postgres/postgres.go:28.2,28.12 1 0
github.com/hahaclassic/orpheon/backend/internal/repository/content/genre/assign/postgres/postgres.go:31.121,37.16 3 0
github.com/hahaclassic/orpheon/backend/internal/repository/content/genre/assign/postgres/postgres.go:37.16,39.3 1 0
github.com/hahaclassic/orpheon/backend/internal/repository/content/genre/assign/postgres/postgres.go:40.2,40.12 1 0
github.com/hahaclassic/orpheon/backend/internal/repository/content/playlist/access-cache/local/local.go:17.55,19.16 2 0
github.com/hahaclassic/orpheon/backend/internal/repository/content/playlist/access-cache/local/local.go:19.16,21.3 1 0
github.com/hahaclassic/orpheon/backend/internal/repository/content/playlist/access-cache/local/local.go:23.2,25.8 1 0
github.com/hahaclassic/orpheon/backend/internal/repository/content/playlist/access-cache/local/local.go:28.107,32.2 2 0
github.com/hahaclassic/orpheon/backend/internal/repository/content/playlist/access-cache/local/local.go:34.104,36.9 2 0
github.com/hahaclassic/orpheon/backend/internal/repository/content/playlist/access-cache/local/local.go:36.9,38.3 1 0
github.com/hahaclassic/orpheon/backend/internal/repository/content/playlist/access-cache/local/local.go:40.2,40.18 1 0
github.com/hahaclassic/orpheon/backend/internal/repository/content/playlist/access-cache/local/local.go:43.77,47.2 2 0
github.com/hahaclassic/orpheon/backend/internal/repository/content/genre/meta/postgres/postgres.go:17.62,19.2 1 0
github.com/hahaclassic/orpheon/backend/internal/repository/content/genre/meta/postgres/postgres.go:21.82,25.2 3 0
github.com/hahaclassic/orpheon/backend/internal/repository/content/genre/meta/postgres/postgres.go:27.98,33.16 5 0
github.com/hahaclassic/orpheon/backend/internal/repository/content/genre/meta/postgres/postgres.go:33.16,35.3 1 0
github.com/hahaclassic/orpheon/backend/internal/repository/content/genre/meta/postgres/postgres.go:36.2,36.16 1 0
github.com/hahaclassic/orpheon/backend/internal/repository/content/genre/meta/postgres/postgres.go:39.80,42.16 3 0
github.com/hahaclassic/orpheon/backend/internal/repository/content/genre/meta/postgres/postgres.go:42.16,44.3 1 0
github.com/hahaclassic/orpheon/backend/internal/repository/content/genre/meta/postgres/postgres.go:45.2,48.18 3 0
github.com/hahaclassic/orpheon/backend/internal/repository/content/genre/meta/postgres/postgres.go:48.18,51.17 3 0
github.com/hahaclassic/orpheon/backend/internal/repository/content/genre/meta/postgres/postgres.go:51.17,53.4 1 0
github.com/hahaclassic/orpheon/backend/internal/repository/content/genre/meta/postgres/postgres.go:54.3,54.30 1 0
github.com/hahaclassic/orpheon/backend/internal/repository/content/genre/meta/postgres/postgres.go:57.2,57.35 1 0
github.com/hahaclassic/orpheon/backend/internal/repository/content/genre/meta/postgres/postgres.go:57.35,59.3 1 0
github.com/hahaclassic/orpheon/backend/internal/repository/content/genre/meta/postgres/postgres.go:61.2,61.20 1 0
github.com/hahaclassic/orpheon/backend/internal/repository/content/genre/meta/postgres/postgres.go:64.82,68.2 3 0
github.com/hahaclassic/orpheon/backend/internal/repository/content/genre/meta/postgres/postgres.go:70.80,74.2 3 0
github.com/hahaclassic/orpheon/backend/internal/repository/content/genre/meta/postgres/postgres.go:76.103,82.16 3 0
github.com/hahaclassic/orpheon/backend/internal/repository/content/genre/meta/postgres/postgres.go:82.16,84.3 1 0
github.com/hahaclassic/orpheon/backend/internal/repository/content/genre/meta/postgres/postgres.go:85.2,88.18 3 0
github.com/hahaclassic/orpheon/backend/internal/repository/content/genre/meta/postgres/postgres.go:88.18,91.17 3 0
github.com/hahaclassic/orpheon/backend/internal/repository/content/genre/meta/postgres/postgres.go:91.17,93.4 1 0
github.com/hahaclassic/orpheon/backend/internal/repository/content/genre/meta/postgres/postgres.go:94.3,94.30 1 0
github.com/hahaclassic/orpheon/backend/internal/repository/content/genre/meta/postgres/postgres.go:97.2,97.35 1 0
github.com/hahaclassic/orpheon/backend/internal/repository/content/genre/meta/postgres/postgres.go:97.35,99.3 1 0
github.com/hahaclassic/orpheon/backend/internal/repository/content/genre/meta/postgres/postgres.go:101.2,101.20 1 0
github.com/hahaclassic/orpheon/backend/internal/repository/content/playlist/access-meta/default/postgres/postgres.go:16.80,18.2 1 0
github.com/hahaclassic/orpheon/backend/internal/repository/content/playlist/access-meta/default/postgres/postgres.go:20.129,31.16 5 0
github.com/hahaclassic/orpheon/backend/internal/repository/content/playlist/access-meta/default/postgres/postgres.go:31.16,33.3 1 0
github.com/hahaclassic/orpheon/backend/internal/repository/content/playlist/access-meta/default/postgres/postgres.go:35.2,35.19 1 0
github.com/hahaclassic/orpheon/backend/internal/repository/content/playlist/access-meta/default/postgres/postgres.go:38.115,46.16 3 0
github.com/hahaclassic/orpheon/backend/internal/repository/content/playlist/access-meta/default/postgres/postgres.go:46.16,48.3 1 0
github.com/hahaclassic/orpheon/backend/internal/repository/content/playlist/access-meta/default/postgres/postgres.go:49.2,49.28 1 0
github.com/hahaclassic/orpheon/backend/internal/repository/content/playlist/access-meta/default/postgres/postgres.go:49.28,51.3 1 0
github.com/hahaclassic/orpheon/backend/internal/repository/content/playlist/access-meta/default/postgres/postgres.go:53.2,53.12 1 0
github.com/hahaclassic/orpheon/backend/internal/repository/content/playlist/access-meta/default/postgres/postgres.go:56.102,58.2 1 0
github.com/hahaclassic/orpheon/backend/internal/repository/content/artist/meta/postgres/postgres.go:16.70,18.2 1 0
github.com/hahaclassic/orpheon/backend/internal/repository/content/artist/meta/postgres/postgres.go:20.103,27.16 5 0
github.com/hahaclassic/orpheon/backend/internal/repository/content/artist/meta/postgres/postgres.go:27.16,29.3 1 0
github.com/hahaclassic/orpheon/backend/internal/repository/content/artist/meta/postgres/postgres.go:31.2,31.21 1 0
github.com/hahaclassic/orpheon/backend/internal/repository/content/artist/meta/postgres/postgres.go:34.90,38.16 3 0
github.com/hahaclassic/orpheon/backend/internal/repository/content/artist/meta/postgres/postgres.go:38.16,40.3 1 0
github.com/hahaclassic/orpheon/backend/internal/repository/content/artist/meta/postgres/postgres.go:41.2,44.18 3 0
github.com/hahaclassic/orpheon/backend/internal/repository/content/artist/meta/postgres/postgres.go:44.18,47.17 3 0
github.com/hahaclassic/orpheon/backend/internal/repository/content/artist/meta/postgres/postgres.go:47.17,49.4 1 0
github.com/hahaclassic/orpheon/backend/internal/repository/content/artist/meta/postgres/postgres.go:50.3,50.37 1 0
github.com/hahaclassic/orpheon/backend/internal/repository/content/artist/meta/postgres/postgres.go:53.2,53.35 1 0
github.com/hahaclassic/orpheon/backend/internal/repository/content/artist/meta/postgres/postgres.go:53.35,55.3 1 0
github.com/hahaclassic/orpheon/backend/internal/repository/content/artist/meta/postgres/postgres.go:57.2,57.21 1 0
github.com/hahaclassic/orpheon/backend/internal/repository/content/artist/meta/postgres/postgres.go:60.113,64.16 3 0
github.com/hahaclassic/orpheon/backend/internal/repository/content/artist/meta/postgres/postgres.go:64.16,66.3 1 0
github.com/hahaclassic/orpheon/backend/internal/repository/content/artist/meta/postgres/postgres.go:68.2,69.18 2 0
github.com/hahaclassic/orpheon/backend/internal/repository/content/artist/meta/postgres/postgres.go:69.18,72.17 3 0
github.com/hahaclassic/orpheon/backend/internal/repository/content/artist/meta/postgres/postgres.go:72.17,74.4 1 0
github.com/hahaclassic/orpheon/backend/internal/repository/content/artist/meta/postgres/postgres.go:75.3,75.37 1 0
github.com/hahaclassic/orpheon/backend/internal/repository/content/artist/meta/postgres/postgres.go:78.2,78.35 1 0
github.com/hahaclassic/orpheon/backend/internal/repository/content/artist/meta/postgres/postgres.go:78.35,80.3 1 0
github.com/hahaclassic/orpheon/backend/internal/repository/content/artist/meta/postgres/postgres.go:82.2,82.21 1 0
github.com/hahaclassic/orpheon/backend/internal/repository/content/artist/meta/postgres/postgres.go:85.93,90.2 3 0
github.com/hahaclassic/orpheon/backend/internal/repository/content/artist/meta/postgres/postgres.go:92.93,96.16 3 0
github.com/hahaclassic/orpheon/backend/internal/repository/content/artist/meta/postgres/postgres.go:96.16,98.3 1 0
github.com/hahaclassic/orpheon/backend/internal/repository/content/artist/meta/postgres/postgres.go:99.2,99.32 1 0
github.com/hahaclassic/orpheon/backend/internal/repository/content/artist/meta/postgres/postgres.go:99.32,101.3 1 0
github.com/hahaclassic/orpheon/backend/internal/repository/content/artist/meta/postgres/postgres.go:102.2,102.12 1 0
github.com/hahaclassic/orpheon/backend/internal/repository/content/artist/meta/postgres/postgres.go:105.80,109.16 3 0
github.com/hahaclassic/orpheon/backend/internal/repository/content/artist/meta/postgres/postgres.go:109.16,111.3 1 0
github.com/hahaclassic/orpheon/backend/internal/repository/content/artist/meta/postgres/postgres.go:112.2,112.32 1 0
github.com/hahaclassic/orpheon/backend/internal/repository/content/artist/meta/postgres/postgres.go:112.32,114.3 1 0
github.com/hahaclassic/orpheon/backend/internal/repository/content/artist/meta/postgres/postgres.go:115.2,115.12 1 0
github.com/hahaclassic/orpheon/backend/internal/repository/content/playlist/access-cache/redis/redis.go:30.73,35.2 1 0
github.com/hahaclassic/orpheon/backend/internal/repository/content/playlist/access-cache/redis/redis.go:37.48,39.2 1 0
github.com/hahaclassic/orpheon/backend/internal/repository/content/playlist/access-cache/redis/redis.go:41.109,43.16 2 0
github.com/hahaclassic/orpheon/backend/internal/repository/content/playlist/access-cache/redis/redis.go:43.16,45.3 1 0
github.com/hahaclassic/orpheon/backend/internal/repository/content/playlist/access-cache/redis/redis.go:47.2,47.85 1 0
github.com/hahaclassic/orpheon/backend/internal/repository/content/playlist/access-cache/redis/redis.go:47.85,49.3 1 0
github.com/hahaclassic/orpheon/backend/internal/repository/content/playlist/access-cache/redis/redis.go:51.2,51.12 1 0
github.com/hahaclassic/orpheon/backend/internal/repository/content/playlist/access-cache/redis/redis.go:54.106,56.16 2 0
github.com/hahaclassic/orpheon/backend/internal/repository/content/playlist/access-cache/redis/redis.go:56.16,57.32 1 0
github.com/hahaclassic/orpheon/backend/internal/repository/content/playlist/access-cache/redis/redis.go:57.32,59.4 1 0
github.com/hahaclassic/orpheon/backend/internal/repository/content/playlist/access-cache/redis/redis.go:60.3,60.83 1 0
github.com/hahaclassic/orpheon/backend/internal/repository/content/playlist/access-cache/redis/redis.go:63.2,64.52 2 0
github.com/hahaclassic/orpheon/backend/internal/repository/content/playlist/access-cache/redis/redis.go:64.52,66.3 1 0
github.com/hahaclassic/orpheon/backend/internal/repository/content/playlist/access-cache/redis/redis.go:68.2,68.19 1 0
github.com/hahaclassic/orpheon/backend/internal/repository/content/playlist/access-cache/redis/redis.go:71.79,72.67 1 0
github.com/hahaclassic/orpheon/backend/internal/repository/content/playlist/access-cache/redis/redis.go:72.67,74.3 1 0
github.com/hahaclassic/orpheon/backend/internal/repository/content/playlist/access-cache/redis/redis.go:75.2,75.12 1 0
github.com/hahaclassic/orpheon/backend/internal/repository/content/playlist/access-cache/redis/redis.go:78.46,81.2 2 0
github.com/hahaclassic/orpheon/backend/internal/repository/content/license/postgres/license.go:17.66,19.2 1 0
github.com/hahaclassic/orpheon/backend/internal/repository/content/license/postgres/license.go:21.88,25.2 3 0
github.com/hahaclassic/orpheon/backend/internal/repository/content/license/postgres/license.go:27.104,33.16 5 0
github.com/hahaclassic/orpheon/backend/internal/repository/content/license/postgres/license.go:33.16,35.3 1 0
github.com/hahaclassic/orpheon/backend/internal/repository/content/license/postgres/license.go:36.2,36.16 1 0
github.com/hahaclassic/orpheon/backend/internal/repository/content/license/postgres/license.go:39.84,42.16 3 0
github.com/hahaclassic/orpheon/backend/internal/repository/content/license/postgres/license.go:42.16,44.3 1 0
github.com/hahaclassic/orpheon/backend/internal/repository/content/license/postgres/license.go:45.2,48.18 3 0
github.com/hahaclassic/orpheon/backend/internal/repository/content/license/postgres/license.go:48.18,51.17 3 0
github.com/hahaclassic/orpheon/backend/internal/repository/content/license/postgres/license.go:51.17,53.4 1 0
github.com/hahaclassic/orpheon/backend/internal/repository/content/license/postgres/license.go:54.3,54.34 1 0
github.com/hahaclassic/orpheon/backend/internal/repository/content/license/postgres/license.go:57.2,57.35 1 0
github.com/hahaclassic/orpheon/backend/internal/repository/content/license/postgres/license.go:57.35,59.3 1 0
github.com/hahaclassic/orpheon/backend/internal/repository/content/license/postgres/license.go:61.2,61.22 1 0
github.com/hahaclassic/orpheon/backend/internal/repository/content/license/postgres/license.go:64.88,68.2 3 0
github.com/hahaclassic/orpheon/backend/internal/repository/content/license/postgres/license.go:70.84,74.2 3 0
github.com/hahaclassic/orpheon/backend/internal/repository/content/playlist/access-meta/with-cache/with-cache.go:39.45,40.46 1 0
github.com/hahaclassic/orpheon/backend/internal/repository/content/playlist/access-meta/with-cache/with-cache.go:40.46,42.3 1 0
github.com/hahaclassic/orpheon/backend/internal/repository/content/playlist/access-meta/with-cache/with-cache.go:45.45,46.46 1 0
github.com/hahaclassic/orpheon/backend/internal/repository/content/playlist/access-meta/with-cache/with-cache.go:46.46,48.3 1 0
github.com/hahaclassic/orpheon/backend/internal/repository/content/playlist/access-meta/with-cache/with-cache.go:51.93,55.36 2 0
github.com/hahaclassic/orpheon/backend/internal/repository/content/playlist/access-meta/with-cache/with-cache.go:55.36,57.3 1 0
github.com/hahaclassic/orpheon/backend/internal/repository/content/playlist/access-meta/with-cache/with-cache.go:59.2,59.22 1 0
github.com/hahaclassic/orpheon/backend/internal/repository/content/playlist/access-meta/with-cache/with-cache.go:62.138,63.15 1 0
github.com/hahaclassic/orpheon/backend/internal/repository/content/playlist/access-meta/with-cache/with-cache.go:63.15,65.3 1 0
github.com/hahaclassic/orpheon/backend/internal/repository/content/playlist/access-meta/with-cache/with-cache.go:67.2,69.22 2 0
github.com/hahaclassic/orpheon/backend/internal/repository/content/playlist/access-meta/with-cache/with-cache.go:69.22,71.17 2 0
github.com/hahaclassic/orpheon/backend/internal/repository/content/playlist/access-meta/with-cache/with-cache.go:71.17,73.4 1 0
github.com/hahaclassic/orpheon/backend/internal/repository/content/playlist/access-meta/with-cache/with-cache.go:74.3,74.36 1 0
github.com/hahaclassic/orpheon/backend/internal/repository/content/playlist/access-meta/with-cache/with-cache.go:74.36,76.4 1 0
github.com/hahaclassic/orpheon/backend/internal/repository/content/playlist/access-meta/with-cache/with-cache.go:79.2,79.22 1 0
github.com/hahaclassic/orpheon/backend/internal/repository/content/playlist/access-meta/with-cache/with-cache.go:79.22,81.17 2 0
github.com/hahaclassic/orpheon/backend/internal/repository/content/playlist/access-meta/with-cache/with-cache.go:81.17,82.24 1 0
github.com/hahaclassic/orpheon/backend/internal/repository/content/playlist/access-meta/with-cache/with-cache.go:82.24,84.5 1 0
github.com/hahaclassic/orpheon/backend/internal/repository/content/playlist/access-meta/with-cache/with-cache.go:86.4,86.20 1 0
github.com/hahaclassic/orpheon/backend/internal/repository/content/playlist/access-meta/with-cache/with-cache.go:88.3,88.36 1 0
github.com/hahaclassic/orpheon/backend/internal/repository/content/playlist/access-meta/with-cache/with-cache.go:88.36,90.4 1 0
github.com/hahaclassic/orpheon/backend/internal/repository/content/playlist/access-meta/with-cache/with-cache.go:93.2,94.16 2 0
github.com/hahaclassic/orpheon/backend/internal/repository/content/playlist/access-meta/with-cache/with-cache.go:94.16,96.3 1 0
github.com/hahaclassic/orpheon/backend/internal/repository/content/playlist/access-meta/with-cache/with-cache.go:98.2,98.22 1 0
github.com/hahaclassic/orpheon/backend/internal/repository/content/playlist/access-meta/with-cache/with-cache.go:98.22,100.3 1 0
github.com/hahaclassic/orpheon/backend/internal/repository/content/playlist/access-meta/with-cache/with-cache.go:101.2,101.22 1 0
github.com/hahaclassic/orpheon/backend/internal/repository/content/playlist/access-meta/with-cache/with-cache.go:101.22,103.3 1 0
github.com/hahaclassic/orpheon/backend/internal/repository/content/playlist/access-meta/with-cache/with-cache.go:105.2,105.18 1 0
github.com/hahaclassic/orpheon/backend/internal/repository/content/playlist/access-meta/with-cache/with-cache.go:108.124,109.15 1 0
github.com/hahaclassic/orpheon/backend/internal/repository/content/playlist/access-meta/with-cache/with-cache.go:109.15,111.3 1 0
github.com/hahaclassic/orpheon/backend/internal/repository/content/playlist/access-meta/with-cache/with-cache.go:113.2,114.16 2 0
github.com/hahaclassic/orpheon/backend/internal/repository/content/playlist/access-meta/with-cache/with-cache.go:114.16,116.3 1 0
github.com/hahaclassic/orpheon/backend/internal/repository/content/playlist/access-meta/with-cache/with-cache.go:118.2,119.16 2 0
github.com/hahaclassic/orpheon/backend/internal/repository/content/playlist/access-meta/with-cache/with-cache.go:119.16,121.3 1 0
github.com/hahaclassic/orpheon/backend/internal/repository/content/playlist/access-meta/with-cache/with-cache.go:123.2,125.22 2 0
github.com/hahaclassic/orpheon/backend/internal/repository/content/playlist/access-meta/with-cache/with-cache.go:125.22,127.17 2 0
github.com/hahaclassic/orpheon/backend/internal/repository/content/playlist/access-meta/with-cache/with-cache.go:127.17,129.4 1 0
github.com/hahaclassic/orpheon/backend/internal/repository/content/playlist/access-meta/with-cache/with-cache.go:132.2,132.22 1 0
github.com/hahaclassic/orpheon/backend/internal/repository/content/playlist/access-meta/with-cache/with-cache.go:132.22,134.3 1 0
github.com/hahaclassic/orpheon/backend/internal/repository/content/playlist/access-meta/with-cache/with-cache.go:136.2,136.12 1 0
github.com/hahaclassic/orpheon/backend/internal/repository/content/playlist/access-meta/with-cache/with-cache.go:139.111,140.15 1 0
github.com/hahaclassic/orpheon/backend/internal/repository/content/playlist/access-meta/with-cache/with-cache.go:140.15,142.3 1 0
github.com/hahaclassic/orpheon/backend/internal/repository/content/playlist/access-meta/with-cache/with-cache.go:144.2,144.22 1 0
github.com/hahaclassic/orpheon/backend/internal/repository/content/playlist/access-meta/with-cache/with-cache.go:144.22,146.17 2 0
github.com/hahaclassic/orpheon/backend/internal/repository/content/playlist/access-meta/with-cache/with-cache.go:146.17,148.4 1 0
github.com/hahaclassic/orpheon/backend/internal/repository/content/playlist/access-meta/with-cache/with-cache.go:151.2,151.22 1 0
github.com/hahaclassic/orpheon/backend/internal/repository/content/playlist/access-meta/with-cache/with-cache.go:151.22,153.3 1 0
github.com/hahaclassic/orpheon/backend/internal/repository/content/playlist/access-meta/with-cache/with-cache.go:155.2,155.12 1 0
github.com/hahaclassic/orpheon/backend/internal/repository/content/playlist/cover/minio/minio.go:21.129,23.16 2 0
github.com/hahaclassic/orpheon/backend/internal/repository/content/playlist/cover/minio/minio.go:23.16,25.3 1 0
github.com/hahaclassic/orpheon/backend/internal/repository/content/playlist/cover/minio/minio.go:26.2,26.13 1 0
github.com/hahaclassic/orpheon/backend/internal/repository/content/playlist/cover/minio/minio.go:26.13,27.87 1 0
github.com/hahaclassic/orpheon/backend/internal/repository/content/playlist/cover/minio/minio.go:27.87,29.4 1 0
github.com/hahaclassic/orpheon/backend/internal/repository/content/playlist/cover/minio/minio.go:32.2,35.8 1 0
github.com/hahaclassic/orpheon/backend/internal/repository/content/playlist/cover/minio/minio.go:38.93,46.16 4 0
github.com/hahaclassic/orpheon/backend/internal/repository/content/playlist/cover/minio/minio.go:46.16,48.3 1 0
github.com/hahaclassic/orpheon/backend/internal/repository/content/playlist/cover/minio/minio.go:50.2,50.12 1 0
github.com/hahaclassic/orpheon/backend/internal/repository/content/playlist/cover/minio/minio.go:53.108,58.16 3 0
github.com/hahaclassic/orpheon/backend/internal/repository/content/playlist/cover/minio/minio.go:58.16,59.53 1 0
github.com/hahaclassic/orpheon/backend/internal/repository/content/playlist/cover/minio/minio.go:59.53,61.4 1 0
github.com/hahaclassic/orpheon/backend/internal/repository/content/playlist/cover/minio/minio.go:62.3,62.78 1 0
github.com/hahaclassic/orpheon/backend/internal/repository/content/playlist/cover/minio/minio.go:65.2,66.16 2 0
github.com/hahaclassic/orpheon/backend/internal/repository/content/playlist/cover/minio/minio.go:66.16,68.3 1 0
github.com/hahaclassic/orpheon/backend/internal/repository/content/playlist/cover/minio/minio.go:69.2,69.15 1 0
github.com/hahaclassic/orpheon/backend/internal/repository/content/playlist/cover/minio/minio.go:69.15,71.17 2 0
github.com/hahaclassic/orpheon/backend/internal/repository/content/playlist/cover/minio/minio.go:71.17,73.4 1 0
github.com/hahaclassic/orpheon/backend/internal/repository/content/playlist/cover/minio/minio.go:76.2,77.16 2 0
github.com/hahaclassic/orpheon/backend/internal/repository/content/playlist/cover/minio/minio.go:77.16,79.3 1 0
github.com/hahaclassic/orpheon/backend/internal/repository/content/playlist/cover/minio/minio.go:81.2,84.8 1 0
github.com/hahaclassic/orpheon/backend/internal/repository/content/playlist/cover/minio/minio.go:87.94,91.16 3 0
github.com/hahaclassic/orpheon/backend/internal/repository/content/playlist/cover/minio/minio.go:91.16,93.3 1 0
github.com/hahaclassic/orpheon/backend/internal/repository/content/playlist/cover/minio/minio.go:95.2,95.12 1 0
github.com/hahaclassic/orpheon/backend/internal/repository/content/playlist/favorites/postgres/postgres.go:18.84,20.2 1 0
github.com/hahaclassic/orpheon/backend/internal/repository/content/playlist/favorites/postgres/postgres.go:22.120,30.16 3 0
github.com/hahaclassic/orpheon/backend/internal/repository/content/playlist/favorites/postgres/postgres.go:30.16,32.3 1 0
github.com/hahaclassic/orpheon/backend/internal/repository/content/playlist/favorites/postgres/postgres.go:33.2,33.12 1 0
github.com/hahaclassic/orpheon/backend/internal/repository/content/playlist/favorites/postgres/postgres.go:36.126,45.16 3 0
github.com/hahaclassic/orpheon/backend/internal/repository/content/playlist/favorites/postgres/postgres.go:45.16,47.3 1 0
github.com/hahaclassic/orpheon/backend/internal/repository/content/playlist/favorites/postgres/postgres.go:48.2,51.18 3 0
github.com/hahaclassic/orpheon/backend/internal/repository/content/playlist/favorites/postgres/postgres.go:51.18,54.81 2 0
github.com/hahaclassic/orpheon/backend/internal/repository/content/playlist/favorites/postgres/postgres.go:54.81,56.4 1 0
github.com/hahaclassic/orpheon/backend/internal/repository/content/playlist/favorites/postgres/postgres.go:57.3,57.33 1 0
github.com/hahaclassic/orpheon/backend/internal/repository/content/playlist/favorites/postgres/postgres.go:60.2,60.34 1 0
github.com/hahaclassic/orpheon/backend/internal/repository/content/playlist/favorites/postgres/postgres.go:60.34,62.3 1 0
github.com/hahaclassic/orpheon/backend/internal/repository/content/playlist/favorites/postgres/postgres.go:64.2,64.20 1 0
github.com/hahaclassic/orpheon/backend/internal/repository/content/playlist/favorites/postgres/postgres.go:67.129,74.16 3 0
github.com/hahaclassic/orpheon/backend/internal/repository/content/playlist/favorites/postgres/postgres.go:74.16,76.3 1 0
github.com/hahaclassic/orpheon/backend/internal/repository/content/playlist/favorites/postgres/postgres.go:77.2,77.12 1 0
github.com/hahaclassic/orpheon/backend/internal/repository/content/playlist/favorites/postgres/postgres.go:80.147,82.15 2 0
github.com/hahaclassic/orpheon/backend/internal/repository/content/playlist/favorites/postgres/postgres.go:82.15,88.3 1 0
github.com/hahaclassic/orpheon/backend/internal/repository/content/playlist/favorites/postgres/postgres.go:88.8,94.3 1 0
github.com/hahaclassic/orpheon/backend/internal/repository/content/playlist/favorites/postgres/postgres.go:95.2,96.16 2 0
github.com/hahaclassic/orpheon/backend/internal/repository/content/playlist/favorites/postgres/postgres.go:96.16,98.3 1 0
github.com/hahaclassic/orpheon/backend/internal/repository/content/playlist/favorites/postgres/postgres.go:99.2,102.18 3 0
github.com/hahaclassic/orpheon/backend/internal/repository/content/playlist/favorites/postgres/postgres.go:102.18,104.40 2 0
github.com/hahaclassic/orpheon/backend/internal/repository/content/playlist/favorites/postgres/postgres.go:104.40,106.4 1 0
github.com/hahaclassic/orpheon/backend/internal/repository/content/playlist/favorites/postgres/postgres.go:107.3,107.28 1 0
github.com/hahaclassic/orpheon/backend/internal/repository/content/playlist/favorites/postgres/postgres.go:110.2,110.19 1 0
github.com/hahaclassic/orpheon/backend/internal/repository/content/playlist/favorites/postgres/postgres.go:113.126,118.15 2 0
github.com/hahaclassic/orpheon/backend/internal/repository/content/playlist/favorites/postgres/postgres.go:118.15,123.3 1 0
github.com/hahaclassic/orpheon/backend/internal/repository/content/playlist/favorites/postgres/postgres.go:123.8,128.3 1 0
github.com/hahaclassic/orpheon/backend/internal/repository/content/playlist/favorites/postgres/postgres.go:130.2,130.62 1 0
github.com/hahaclassic/orpheon/backend/internal/repository/content/playlist/favorites/postgres/postgres.go:130.62,132.3 1 0
github.com/hahaclassic/orpheon/backend/internal/repository/content/playlist/favorites/postgres/postgres.go:134.2,134.12 1 0
github.com/hahaclassic/orpheon/backend/internal/repository/content/playlist/favorites/postgres/postgres.go:137.128,145.33 3 0
github.com/hahaclassic/orpheon/backend/internal/repository/content/playlist/favorites/postgres/postgres.go:145.33,147.3 1 0
github.com/hahaclassic/orpheon/backend/internal/repository/content/playlist/favorites/postgres/postgres.go:149.2,150.15 2 0
github.com/hahaclassic/orpheon/backend/internal/repository/content/playlist/favorites/postgres/postgres.go:150.15,152.17 2 0
github.com/hahaclassic/orpheon/backend/internal/repository/content/playlist/favorites/postgres/postgres.go:152.17,154.4 1 0
github.com/hahaclassic/orpheon/backend/internal/repository/content/playlist/favorites/postgres/postgres.go:157.2,157.20 1 0
github.com/hahaclassic/orpheon/backend/internal/repository/content/playlist/favorites/postgres/postgres.go:157.20,158.38 1 0
github.com/hahaclassic/orpheon/backend/internal/repository/content/playlist/favorites/postgres/postgres.go:158.38,160.4 1 0
github.com/hahaclassic/orpheon/backend/internal/repository/content/playlist/favorites/postgres/postgres.go:163.2,163.12 1 0
github.com/hahaclassic/orpheon/backend/internal/repository/content/playlist/favorites/postgres/postgres.go:166.124,176.86 3 0
github.com/hahaclassic/orpheon/backend/internal/repository/content/playlist/favorites/postgres/postgres.go:176.86,178.3 1 0
github.com/hahaclassic/orpheon/backend/internal/repository/content/playlist/favorites/postgres/postgres.go:180.2,180.20 1 0
github.com/hahaclassic/orpheon/backend/internal/repository/content/playlist/meta/postgres/postgres.go:16.76,18.2 1 0
github.com/hahaclassic/orpheon/backend/internal/repository/content/playlist/meta/postgres/postgres.go:20.99,28.16 3 0
github.com/hahaclassic/orpheon/backend/internal/repository/content/playlist/meta/postgres/postgres.go:28.16,30.3 1 0
github.com/hahaclassic/orpheon/backend/internal/repository/content/playlist/meta/postgres/postgres.go:32.2,32.12 1 0
github.com/hahaclassic/orpheon/backend/internal/repository/content/playlist/meta/postgres/postgres.go:35.115,46.16 4 0
github.com/hahaclassic/orpheon/backend/internal/repository/content/playlist/meta/postgres/postgres.go:46.16,48.3 1 0
github.com/hahaclassic/orpheon/backend/internal/repository/content/playlist/meta/postgres/postgres.go:50.2,50.23 1 0
github.com/hahaclassic/orpheon/backend/internal/repository/content/playlist/meta/postgres/postgres.go:53.115,61.16 3 0
github.com/hahaclassic/orpheon/backend/internal/repository/content/playlist/meta/postgres/postgres.go:61.16,63.3 1 0
github.com/hahaclassic/orpheon/backend/internal/repository/content/playlist/meta/postgres/postgres.go:64.2,67.18 3 0
github.com/hahaclassic/orpheon/backend/internal/repository/content/playlist/meta/postgres/postgres.go:67.18,70.97 2 0
github.com/hahaclassic/orpheon/backend/internal/repository/content/playlist/meta/postgres/postgres.go:70.97,72.4 1 0
github.com/hahaclassic/orpheon/backend/internal/repository/content/playlist/meta/postgres/postgres.go:73.3,73.43 1 0
github.com/hahaclassic/orpheon/backend/internal/repository/content/playlist/meta/postgres/postgres.go:76.2,76.23 1 0
github.com/hahaclassic/orpheon/backend/internal/repository/content/playlist/meta/postgres/postgres.go:79.99,88.16 3 0
github.com/hahaclassic/orpheon/backend/internal/repository/content/playlist/meta/postgres/postgres.go:88.16,90.3 1 0
github.com/hahaclassic/orpheon/backend/internal/repository/content/playlist/meta/postgres/postgres.go:91.2,91.28 1 0
github.com/hahaclassic/orpheon/backend/internal/repository/content/playlist/meta/postgres/postgres.go:91.28,93.3 1 0
github.com/hahaclassic/orpheon/backend/internal/repository/content/playlist/meta/postgres/postgres.go:95.2,95.12 1 0
github.com/hahaclassic/orpheon/backend/internal/repository/content/playlist/meta/postgres/postgres.go:98.90,105.16 3 0
github.com/hahaclassic/orpheon/backend/internal/repository/content/playlist/meta/postgres/postgres.go:105.16,107.3 1 0
github.com/hahaclassic/orpheon/backend/internal/repository/content/playlist/meta/postgres/postgres.go:108.2,108.28 1 0
github.com/hahaclassic/orpheon/backend/internal/repository/content/playlist/meta/postgres/postgres.go:108.28,110.3 1 0
github.com/hahaclassic/orpheon/backend/internal/repository/content/playlist/meta/postgres/postgres.go:112.2,112.12 1 0
github.com/hahaclassic/orpheon/backend/internal/repository/content/search/postgres/search.go:16.62,18.2 1 0
github.com/hahaclassic/orpheon/backend/internal/repository/content/search/postgres/search.go:20.118,31.21 4 0
github.com/hahaclassic/orpheon/backend/internal/repository/content/search/postgres/search.go:31.21,35.3 3 0
github.com/hahaclassic/orpheon/backend/internal/repository/content/search/postgres/search.go:36.2,36.37 1 0
github.com/hahaclassic/orpheon/backend/internal/repository/content/search/postgres/search.go:36.37,40.3 3 0
github.com/hahaclassic/orpheon/backend/internal/repository/content/search/postgres/search.go:41.2,41.31 1 0
github.com/hahaclassic/orpheon/backend/internal/repository/content/search/postgres/search.go:41.31,45.3 3 0
github.com/hahaclassic/orpheon/backend/internal/repository/content/search/postgres/search.go:47.2,51.16 4 0
github.com/hahaclassic/orpheon/backend/internal/repository/content/search/postgres/search.go:51.16,53.3 1 0
github.com/hahaclassic/orpheon/backend/internal/repository/content/search/postgres/search.go:54.2,57.18 3 0
github.com/hahaclassic/orpheon/backend/internal/repository/content/search/postgres/search.go:57.18,60.17 3 0
github.com/hahaclassic/orpheon/backend/internal/repository/content/search/postgres/search.go:60.17,62.4 1 0
github.com/hahaclassic/orpheon/backend/internal/repository/content/search/postgres/search.go:63.3,63.34 1 0
github.com/hahaclassic/orpheon/backend/internal/repository/content/search/postgres/search.go:66.2,66.27 1 0
github.com/hahaclassic/orpheon/backend/internal/repository/content/search/postgres/search.go:69.118,81.21 4 0
github.com/hahaclassic/orpheon/backend/internal/repository/content/search/postgres/search.go:81.21,85.3 3 0
github.com/hahaclassic/orpheon/backend/internal/repository/content/search/postgres/search.go:86.2,86.37 1 0
github.com/hahaclassic/orpheon/backend/internal/repository/content/search/postgres/search.go:86.37,90.3 3 0
github.com/hahaclassic/orpheon/backend/internal/repository/content/search/postgres/search.go:91.2,91.31 1 0
github.com/hahaclassic/orpheon/backend/internal/repository/content/search/postgres/search.go:91.31,95.3 3 0
github.com/hahaclassic/orpheon/backend/internal/repository/content/search/postgres/search.go:97.2,101.16 4 0
github.com/hahaclassic/orpheon/backend/internal/repository/content/search/postgres/search.go:101.16,103.3 1 0
github.com/hahaclassic/orpheon/backend/internal/repository/content/search/postgres/search.go:104.2,107.18 3 0
github.com/hahaclassic/orpheon/backend/internal/repository/content/search/postgres/search.go:107.18,110.17 3 0
github.com/hahaclassic/orpheon/backend/internal/repository/content/search/postgres/search.go:110.17,112.4 1 0
github.com/hahaclassic/orpheon/backend/internal/repository/content/search/postgres/search.go:113.3,113.34 1 0
github.com/hahaclassic/orpheon/backend/internal/repository/content/search/postgres/search.go:116.2,116.27 1 0
github.com/hahaclassic/orpheon/backend/internal/repository/content/search/postgres/search.go:119.120,131.21 4 0
github.com/hahaclassic/orpheon/backend/internal/repository/content/search/postgres/search.go:131.21,135.3 3 0
github.com/hahaclassic/orpheon/backend/internal/repository/content/search/postgres/search.go:136.2,136.31 1 0
github.com/hahaclassic/orpheon/backend/internal/repository/content/search/postgres/search.go:136.31,140.3 3 0
github.com/hahaclassic/orpheon/backend/internal/repository/content/search/postgres/search.go:141.2,141.37 1 0
github.com/hahaclassic/orpheon/backend/internal/repository/content/search/postgres/search.go:141.37,145.3 3 0
github.com/hahaclassic/orpheon/backend/internal/repository/content/search/postgres/search.go:147.2,151.16 4 0
github.com/hahaclassic/orpheon/backend/internal/repository/content/search/postgres/search.go:151.16,153.3 1 0
github.com/hahaclassic/orpheon/backend/internal/repository/content/search/postgres/search.go:154.2,157.18 3 0
github.com/hahaclassic/orpheon/backend/internal/repository/content/search/postgres/search.go:157.18,160.17 3 0
github.com/hahaclassic/orpheon/backend/internal/repository/content/search/postgres/search.go:160.17,162.4 1 0
github.com/hahaclassic/orpheon/backend/internal/repository/content/search/postgres/search.go:163.3,163.37 1 0
github.com/hahaclassic/orpheon/backend/internal/repository/content/search/postgres/search.go:166.2,166.28 1 0
github.com/hahaclassic/orpheon/backend/internal/repository/content/search/postgres/search.go:169.124,180.21 4 0
github.com/hahaclassic/orpheon/backend/internal/repository/content/search/postgres/search.go:180.21,184.3 3 0
github.com/hahaclassic/orpheon/backend/internal/repository/content/search/postgres/search.go:185.2,185.37 1 0
github.com/hahaclassic/orpheon/backend/internal/repository/content/search/postgres/search.go:185.37,189.3 3 0
github.com/hahaclassic/orpheon/backend/internal/repository/content/search/postgres/search.go:191.2,195.16 4 0
github.com/hahaclassic/orpheon/backend/internal/repository/content/search/postgres/search.go:195.16,197.3 1 0
github.com/hahaclassic/orpheon/backend/internal/repository/content/search/postgres/search.go:198.2,201.18 3 0
github.com/hahaclassic/orpheon/backend/internal/repository/content/search/postgres/search.go:201.18,205.17 3 0
github.com/hahaclassic/orpheon/backend/internal/repository/content/search/postgres/search.go:205.17,207.4 1 0
github.com/hahaclassic/orpheon/backend/internal/repository/content/search/postgres/search.go:208.3,208.43 1 0
github.com/hahaclassic/orpheon/backend/internal/repository/content/search/postgres/search.go:211.2,211.30 1 0
github.com/hahaclassic/orpheon/backend/internal/repository/content/track/audio/minio/minio.go:21.121,23.16 2 0
github.com/hahaclassic/orpheon/backend/internal/repository/content/track/audio/minio/minio.go:23.16,25.3 1 0
github.com/hahaclassic/orpheon/backend/internal/repository/content/track/audio/minio/minio.go:26.2,26.13 1 0
github.com/hahaclassic/orpheon/backend/internal/repository/content/track/audio/minio/minio.go:26.13,27.87 1 0
github.com/hahaclassic/orpheon/backend/internal/repository/content/track/audio/minio/minio.go:27.87,29.4 1 0
github.com/hahaclassic/orpheon/backend/internal/repository/content/track/audio/minio/minio.go:32.2,35.8 1 0
github.com/hahaclassic/orpheon/backend/internal/repository/content/track/audio/minio/minio.go:38.100,44.16 3 0
github.com/hahaclassic/orpheon/backend/internal/repository/content/track/audio/minio/minio.go:44.16,46.3 1 0
github.com/hahaclassic/orpheon/backend/internal/repository/content/track/audio/minio/minio.go:48.2,48.12 1 0
github.com/hahaclassic/orpheon/backend/internal/repository/content/track/audio/minio/minio.go:51.120,55.64 3 0
github.com/hahaclassic/orpheon/backend/internal/repository/content/track/audio/minio/minio.go:55.64,57.3 1 0
github.com/hahaclassic/orpheon/backend/internal/repository/content/track/audio/minio/minio.go:59.2,60.16 2 0
github.com/hahaclassic/orpheon/backend/internal/repository/content/track/audio/minio/minio.go:60.16,62.3 1 0
github.com/hahaclassic/orpheon/backend/internal/repository/content/track/audio/minio/minio.go:63.2,63.15 1 0
github.com/hahaclassic/orpheon/backend/internal/repository/content/track/audio/minio/minio.go:63.15,65.17 2 0
github.com/hahaclassic/orpheon/backend/internal/repository/content/track/audio/minio/minio.go:65.17,67.4 1 0
github.com/hahaclassic/orpheon/backend/internal/repository/content/track/audio/minio/minio.go:70.2,71.16 2 0
github.com/hahaclassic/orpheon/backend/internal/repository/content/track/audio/minio/minio.go:71.16,73.3 1 0
github.com/hahaclassic/orpheon/backend/internal/repository/content/track/audio/minio/minio.go:75.2,75.32 1 0
github.com/hahaclassic/orpheon/backend/internal/repository/content/track/audio/minio/minio.go:75.32,77.3 1 0
github.com/hahaclassic/orpheon/backend/internal/repository/content/track/audio/minio/minio.go:79.2,84.8 1 0
github.com/hahaclassic/orpheon/backend/internal/repository/content/track/audio/minio/minio.go:87.88,90.16 3 0
github.com/hahaclassic/orpheon/backend/internal/repository/content/track/audio/minio/minio.go:90.16,92.3 1 0
github.com/hahaclassic/orpheon/backend/internal/repository/content/track/audio/minio/minio.go:93.2,93.12 1 0
github.com/hahaclassic/orpheon/backend/internal/repository/content/playlist/tracks/postgres/postgres.go:18.80,20.2 1 0
github.com/hahaclassic/orpheon/backend/internal/repository/content/playlist/tracks/postgres/postgres.go:22.119,38.16 4 0
github.com/hahaclassic/orpheon/backend/internal/repository/content/playlist/tracks/postgres/postgres.go:38.16,39.27 1 0
github.com/hahaclassic/orpheon/backend/internal/repository/content/playlist/tracks/postgres/postgres.go:39.27,41.4 1 0
github.com/hahaclassic/orpheon/backend/internal/repository/content/playlist/tracks/postgres/postgres.go:42.3,42.54 1 0
github.com/hahaclassic/orpheon/backend/internal/repository/content/playlist/tracks/postgres/postgres.go:45.2,45.12 1 0
github.com/hahaclassic/orpheon/backend/internal/repository/content/playlist/tracks/postgres/postgres.go:48.124,52.16 3 0
github.com/hahaclassic/orpheon/backend/internal/repository/content/playlist/tracks/postgres/postgres.go:52.16,54.3 1 0
github.com/hahaclassic/orpheon/backend/internal/repository/content/playlist/tracks/postgres/postgres.go:56.2,56.12 1 0
github.com/hahaclassic/orpheon/backend/internal/repository/content/playlist/tracks/postgres/postgres.go:59.113,66.16 3 0
github.com/hahaclassic/orpheon/backend/internal/repository/content/playlist/tracks/postgres/postgres.go:66.16,68.3 1 0
github.com/hahaclassic/orpheon/backend/internal/repository/content/playlist/tracks/postgres/postgres.go:69.2,69.28 1 0
github.com/hahaclassic/orpheon/backend/internal/repository/content/playlist/tracks/postgres/postgres.go:69.28,71.3 1 0
github.com/hahaclassic/orpheon/backend/internal/repository/content/playlist/tracks/postgres/postgres.go:73.2,73.12 1 0
github.com/hahaclassic/orpheon/backend/internal/repository/content/playlist/tracks/postgres/postgres.go:76.129,88.16 3 0
github.com/hahaclassic/orpheon/backend/internal/repository/content/playlist/tracks/postgres/postgres.go:88.16,90.3 1 0
github.com/hahaclassic/orpheon/backend/internal/repository/content/playlist/tracks/postgres/postgres.go:91.2,94.18 3 0
github.com/hahaclassic/orpheon/backend/internal/repository/content/playlist/tracks/postgres/postgres.go:94.18,106.17 2 0
github.com/hahaclassic/orpheon/backend/internal/repository/content/playlist/tracks/postgres/postgres.go:106.17,108.4 1 0
github.com/hahaclassic/orpheon/backend/internal/repository/content/playlist/tracks/postgres/postgres.go:109.3,109.34 1 0
github.com/hahaclassic/orpheon/backend/internal/repository/content/playlist/tracks/postgres/postgres.go:112.2,112.20 1 0
github.com/hahaclassic/orpheon/backend/internal/repository/content/playlist/tracks/postgres/postgres.go:115.120,121.16 3 0
github.com/hahaclassic/orpheon/backend/internal/repository/content/playlist/tracks/postgres/postgres.go:121.16,123.3 1 0
github.com/hahaclassic/orpheon/backend/internal/repository/content/playlist/tracks/postgres/postgres.go:125.2,125.12 1 0
github.com/hahaclassic/orpheon/backend/internal/repository/content/track/segment/postgres/segment.go:19.76,21.2 1 0
github.com/hahaclassic/orpheon/backend/internal/repository/content/track/segment/postgres/segment.go:23.122,25.16 2 0
github.com/hahaclassic/orpheon/backend/internal/repository/content/track/segment/postgres/segment.go:25.16,27.3 1 0
github.com/hahaclassic/orpheon/backend/internal/repository/content/track/segment/postgres/segment.go:28.2,28.15 1 0
github.com/hahaclassic/orpheon/backend/internal/repository/content/track/segment/postgres/segment.go:28.15,29.77 1 0
github.com/hahaclassic/orpheon/backend/internal/repository/content/track/segment/postgres/segment.go:29.77,31.4 1 0
github.com/hahaclassic/orpheon/backend/internal/repository/content/track/segment/postgres/segment.go:34.2,34.35 1 0
github.com/hahaclassic/orpheon/backend/internal/repository/content/track/segment/postgres/segment.go:34.35,41.17 2 0
github.com/hahaclassic/orpheon/backend/internal/repository/content/track/segment/postgres/segment.go:41.17,43.4 1 0
github.com/hahaclassic/orpheon/backend/internal/repository/content/track/segment/postgres/segment.go:46.2,46.23 1 0
github.com/hahaclassic/orpheon/backend/internal/repository/content/track/segment/postgres/segment.go:49.113,56.16 2 0
github.com/hahaclassic/orpheon/backend/internal/repository/content/track/segment/postgres/segment.go:56.16,58.3 1 0
github.com/hahaclassic/orpheon/backend/internal/repository/content/track/segment/postgres/segment.go:59.2,63.18 3 0
github.com/hahaclassic/orpheon/backend/internal/repository/content/track/segment/postgres/segment.go:63.18,67.17 4 0
github.com/hahaclassic/orpheon/backend/internal/repository/content/track/segment/postgres/segment.go:67.17,69.4 1 0
github.com/hahaclassic/orpheon/backend/internal/repository/content/track/segment/postgres/segment.go:70.3,72.36 3 0
github.com/hahaclassic/orpheon/backend/internal/repository/content/track/segment/postgres/segment.go:75.2,75.22 1 0
github.com/hahaclassic/orpheon/backend/internal/repository/content/track/segment/postgres/segment.go:78.95,82.16 2 0
github.com/hahaclassic/orpheon/backend/internal/repository/content/track/segment/postgres/segment.go:82.16,84.3 1 0
github.com/hahaclassic/orpheon/backend/internal/repository/content/track/segment/postgres/segment.go:85.2,85.12 1 0
github.com/hahaclassic/orpheon/backend/internal/repository/content/track/segment/postgres/segment.go:88.123,89.24 1 0
github.com/hahaclassic/orpheon/backend/internal/repository/content/track/segment/postgres/segment.go:89.24,91.3 1 0
github.com/hahaclassic/orpheon/backend/internal/repository/content/track/segment/postgres/segment.go:93.2,94.16 2 0
github.com/hahaclassic/orpheon/backend/internal/repository/content/track/segment/postgres/segment.go:94.16,96.3 1 0
github.com/hahaclassic/orpheon/backend/internal/repository/content/track/segment/postgres/segment.go:97.2,97.15 1 0
github.com/hahaclassic/orpheon/backend/internal/repository/content/track/segment/postgres/segment.go:97.15,98.77 1 0
github.com/hahaclassic/orpheon/backend/internal/repository/content/track/segment/postgres/segment.go:98.77,100.4 1 0
github.com/hahaclassic/orpheon/backend/internal/repository/content/track/segment/postgres/segment.go:103.2,103.31 1 0
github.com/hahaclassic/orpheon/backend/internal/repository/content/track/segment/postgres/segment.go:103.31,108.17 2 0
github.com/hahaclassic/orpheon/backend/internal/repository/content/track/segment/postgres/segment.go:108.17,110.4 1 0
github.com/hahaclassic/orpheon/backend/internal/repository/content/track/segment/postgres/segment.go:113.2,113.23 1 0
github.com/hahaclassic/orpheon/backend/internal/repository/user/postgres/user.go:16.60,18.2 1 0
github.com/hahaclassic/orpheon/backend/internal/repository/user/postgres/user.go:20.87,34.2 3 0
github.com/hahaclassic/orpheon/backend/internal/repository/user/postgres/user.go:36.99,52.16 5 0
github.com/hahaclassic/orpheon/backend/internal/repository/user/postgres/user.go:52.16,54.3 1 0
github.com/hahaclassic/orpheon/backend/internal/repository/user/postgres/user.go:56.2,56.19 1 0
github.com/hahaclassic/orpheon/backend/internal/repository/user/postgres/user.go:59.87,70.16 3 0
github.com/hahaclassic/orpheon/backend/internal/repository/user/postgres/user.go:70.16,72.3 1 0
github.com/hahaclassic/orpheon/backend/internal/repository/user/postgres/user.go:73.2,73.32 1 0
github.com/hahaclassic/orpheon/backend/internal/repository/user/postgres/user.go:73.32,75.3 1 0
github.com/hahaclassic/orpheon/backend/internal/repository/user/postgres/user.go:76.2,76.12 1 0
github.com/hahaclassic/orpheon/backend/internal/repository/user/postgres/user.go:79.82,85.16 3 0
github.com/hahaclassic/orpheon/backend/internal/repository/user/postgres/user.go:85.16,87.3 1 0
github.com/hahaclassic/orpheon/backend/internal/repository/user/postgres/user.go:88.2,88.32 1 0
github.com/hahaclassic/orpheon/backend/internal/repository/user/postgres/user.go:88.32,90.3 1 0
github.com/hahaclassic/orpheon/backend/internal/repository/user/postgres/user.go:91.2,91.12 1 0
github.com/hahaclassic/orpheon/backend/internal/repository/content/track/meta/postgres/postgres.go:17.70,19.2 1 0
github.com/hahaclassic/orpheon/backend/internal/repository/content/track/meta/postgres/postgres.go:21.106,42.16 5 0
github.com/hahaclassic/orpheon/backend/internal/repository/content/track/meta/postgres/postgres.go:42.16,44.3 1 0
github.com/hahaclassic/orpheon/backend/internal/repository/content/track/meta/postgres/postgres.go:46.2,46.20 1 0
github.com/hahaclassic/orpheon/backend/internal/repository/content/track/meta/postgres/postgres.go:49.117,58.16 3 0
github.com/hahaclassic/orpheon/backend/internal/repository/content/track/meta/postgres/postgres.go:58.16,60.3 1 0
github.com/hahaclassic/orpheon/backend/internal/repository/content/track/meta/postgres/postgres.go:61.2,64.18 3 0
github.com/hahaclassic/orpheon/backend/internal/repository/content/track/meta/postgres/postgres.go:64.18,67.17 3 0
github.com/hahaclassic/orpheon/backend/internal/repository/content/track/meta/postgres/postgres.go:67.17,69.4 1 0
github.com/hahaclassic/orpheon/backend/internal/repository/content/track/meta/postgres/postgres.go:70.3,70.37 1 0
github.com/hahaclassic/orpheon/backend/internal/repository/content/track/meta/postgres/postgres.go:73.2,73.21 1 0
github.com/hahaclassic/orpheon/backend/internal/repository/content/track/meta/postgres/postgres.go:76.90,99.16 3 0
github.com/hahaclassic/orpheon/backend/internal/repository/content/track/meta/postgres/postgres.go:99.16,101.3 1 0
github.com/hahaclassic/orpheon/backend/internal/repository/content/track/meta/postgres/postgres.go:103.2,103.12 1 0
github.com/hahaclassic/orpheon/backend/internal/repository/content/track/meta/postgres/postgres.go:106.90,126.16 3 0
github.com/hahaclassic/orpheon/backend/internal/repository/content/track/meta/postgres/postgres.go:126.16,128.3 1 0
github.com/hahaclassic/orpheon/backend/internal/repository/content/track/meta/postgres/postgres.go:130.2,130.12 1 0
github.com/hahaclassic/orpheon/backend/internal/repository/content/track/meta/postgres/postgres.go:133.84,147.16 3 0
github.com/hahaclassic/orpheon/backend/internal/repository/content/track/meta/postgres/postgres.go:147.16,149.3 1 0
github.com/hahaclassic/orpheon/backend/internal/repository/content/track/meta/postgres/postgres.go:151.2,151.12 1 0
github.com/hahaclassic/orpheon/backend/internal/repository/content/track/meta/postgres/postgres.go:154.104,162.16 3 0
github.com/hahaclassic/orpheon/backend/internal/repository/content/track/meta/postgres/postgres.go:162.16,164.3 1 0
github.com/hahaclassic/orpheon/backend/internal/repository/content/track/meta/postgres/postgres.go:166.2,166.12 1 0
github.com/hahaclassic/orpheon/backend/cmd/cli/main.go:12.13,15.2 2 0
github.com/hahaclassic/orpheon/backend/cmd/cli/main.go:17.13,21.2 2 0
github.com/hahaclassic/orpheon/backend/pkg/cmdrouter/cmdrouter.go:27.97,34.2 1 0
github.com/hahaclassic/orpheon/backend/pkg/cmdrouter/cmdrouter.go:37.49,39.2 0 0
github.com/hahaclassic/orpheon/backend/pkg/cmdrouter/cmdrouter.go:41.78,49.85 2 0
github.com/hahaclassic/orpheon/backend/pkg/cmdrouter/cmdrouter.go:49.85,52.3 2 0
github.com/hahaclassic/orpheon/backend/pkg/cmdrouter/cmdrouter.go:54.2,54.14 1 0
github.com/hahaclassic/orpheon/backend/pkg/cmdrouter/cmdrouter.go:57.66,59.2 1 0
github.com/hahaclassic/orpheon/backend/pkg/cmdrouter/cmdrouter.go:61.46,62.15 1 0
github.com/hahaclassic/orpheon/backend/pkg/cmdrouter/cmdrouter.go:62.15,63.31 1 0
github.com/hahaclassic/orpheon/backend/pkg/cmdrouter/cmdrouter.go:63.31,65.4 1 0
github.com/hahaclassic/orpheon/backend/pkg/cmdrouter/cmdrouter.go:68.2,70.6 2 0
github.com/hahaclassic/orpheon/backend/pkg/cmdrouter/cmdrouter.go:70.6,72.27 2 0
github.com/hahaclassic/orpheon/backend/pkg/cmdrouter/cmdrouter.go:72.27,73.9 1 0
github.com/hahaclassic/orpheon/backend/pkg/cmdrouter/cmdrouter.go:76.3,76.55 1 0
github.com/hahaclassic/orpheon/backend/pkg/cmdrouter/cmdrouter.go:76.55,78.12 2 0
github.com/hahaclassic/orpheon/backend/pkg/cmdrouter/cmdrouter.go:81.3,81.16 1 0
github.com/hahaclassic/orpheon/backend/pkg/cmdrouter/cmdrouter.go:85.36,89.6 3 0
github.com/hahaclassic/orpheon/backend/pkg/cmdrouter/cmdrouter.go:89.6,92.45 2 0
github.com/hahaclassic/orpheon/backend/pkg/cmdrouter/cmdrouter.go:92.45,93.9 1 0
github.com/hahaclassic/orpheon/backend/pkg/cmdrouter/cmdrouter.go:96.3,96.44 1 0
github.com/hahaclassic/orpheon/backend/pkg/cmdrouter/cmdrouter.go:99.2,99.15 1 0
github.com/hahaclassic/orpheon/backend/pkg/cmdrouter/cmdrouter.go:102.32,106.28 3 0
github.com/hahaclassic/orpheon/backend/pkg/cmdrouter/cmdrouter.go:106.28,108.3 1 0
github.com/hahaclassic/orpheon/backend/pkg/cmdrouter/cmdrouter.go:110.2,110.15 1 0
github.com/hahaclassic/orpheon/backend/pkg/cmdrouter/cmdrouter.go:110.15,112.3 1 0
github.com/hahaclassic/orpheon/backend/pkg/cmdrouter/cmdrouter.go:112.8,114.3 1 0
github.com/hahaclassic/orpheon/backend/pkg/cmdrouter/cmdrouter.go:116.2,117.15 2 0
github.com/hahaclassic/orpheon/backend/pkg/errwrap/errwrap.go:5.49,6.17 1 0
github.com/hahaclassic/orpheon/backend/pkg/errwrap/errwrap.go:6.17,8.3 1 0
github.com/hahaclassic/orpheon/backend/pkg/errwrap/errwrap.go:10.2,10.12 1 0
github.com/hahaclassic/orpheon/backend/pkg/errwrap/errwrap.go:13.44,15.2 1 0
github.com/hahaclassic/orpheon/backend/cmd/orpheon/main.go:12.13,15.2 2 0
github.com/hahaclassic/orpheon/backend/cmd/orpheon/main.go:17.13,21.2 2 0
github.com/hahaclassic/orpheon/backend/pkg/table/table.go:17.42,18.31 1 0
github.com/hahaclassic/orpheon/backend/pkg/table/table.go:18.31,20.3 1 0
github.com/hahaclassic/orpheon/backend/pkg/table/table.go:23.43,24.31 1 0
github.com/hahaclassic/orpheon/backend/pkg/table/table.go:24.31,26.3 1 0
github.com/hahaclassic/orpheon/backend/pkg/table/table.go:29.36,30.31 1 0
github.com/hahaclassic/orpheon/backend/pkg/table/table.go:30.31,32.3 1 0
github.com/hahaclassic/orpheon/backend/pkg/table/table.go:35.55,39.33 2 0
github.com/hahaclassic/orpheon/backend/pkg/table/table.go:39.33,41.3 1 0
github.com/hahaclassic/orpheon/backend/pkg/table/table.go:43.2,43.11 1 0
github.com/hahaclassic/orpheon/backend/pkg/table/table.go:46.53,48.2 1 0
github.com/hahaclassic/orpheon/backend/pkg/table/table.go:50.46,52.2 1 0
github.com/hahaclassic/orpheon/backend/pkg/table/table.go:54.44,58.24 3 0
github.com/hahaclassic/orpheon/backend/pkg/table/table.go:58.24,60.28 2 0
github.com/hahaclassic/orpheon/backend/pkg/table/table.go:60.28,62.4 1 0
github.com/hahaclassic/orpheon/backend/pkg/table/table.go:63.3,63.30 1 0
github.com/hahaclassic/orpheon/backend/pkg/table/table.go:66.2,66.21 1 0
github.com/hahaclassic/orpheon/backend/pkg/table/table.go:66.21,67.30 1 0
github.com/hahaclassic/orpheon/backend/pkg/table/table.go:67.30,69.4 1 0
github.com/hahaclassic/orpheon/backend/pkg/table/table.go:72.2,73.12 2 0
github.com/hahaclassic/orpheon/backend/pkg/table/table.go:76.67,80.22 3 0
github.com/hahaclassic/orpheon/backend/pkg/table/table.go:80.22,82.26 2 0
github.com/hahaclassic/orpheon/backend/pkg/table/table.go:82.26,84.4 1 0
github.com/hahaclassic/orpheon/backend/pkg/table/table.go:85.3,85.30 1 0
github.com/hahaclassic/orpheon/backend/pkg/table/table.go:88.2,88.19 1 0
github.com/hahaclassic/orpheon/backend/pkg/table/table.go:88.19,89.28 1 0
github.com/hahaclassic/orpheon/backend/pkg/table/table.go:89.28,91.4 1 0
github.com/hahaclassic/orpheon/backend/pkg/table/table.go:94.2,95.12 2 0
github.com/hahaclassic/orpheon/backend/pkg/table/table.go:98.68,102.25 4 0
github.com/hahaclassic/orpheon/backend/pkg/table/table.go:102.25,104.3 1 0
github.com/hahaclassic/orpheon/backend/pkg/table/table.go:105.2,107.27 2 0
github.com/hahaclassic/orpheon/backend/pkg/table/table.go:107.27,109.3 1 0
github.com/hahaclassic/orpheon/backend/pkg/table/table.go:110.2,111.12 2 0
github.com/hahaclassic/orpheon/backend/internal/adapters/tokens/jwt/tokens.go:39.53,43.2 1 5
github.com/hahaclassic/orpheon/backend/internal/adapters/tokens/jwt/tokens.go:45.86,60.2 5 3
github.com/hahaclassic/orpheon/backend/internal/adapters/tokens/jwt/tokens.go:62.85,65.90 2 5
github.com/hahaclassic/orpheon/backend/internal/adapters/tokens/jwt/tokens.go:65.90,66.54 1 4
github.com/hahaclassic/orpheon/backend/internal/adapters/tokens/jwt/tokens.go:66.54,68.4 1 0
github.com/hahaclassic/orpheon/backend/internal/adapters/tokens/jwt/tokens.go:69.3,69.30 1 4
github.com/hahaclassic/orpheon/backend/internal/adapters/tokens/jwt/tokens.go:72.2,72.9 1 5
github.com/hahaclassic/orpheon/backend/internal/adapters/tokens/jwt/tokens.go:73.43,74.25 1 1
github.com/hahaclassic/orpheon/backend/internal/adapters/tokens/jwt/tokens.go:75.49,76.31 1 0
github.com/hahaclassic/orpheon/backend/internal/adapters/tokens/jwt/tokens.go:77.18,78.30 1 2
github.com/hahaclassic/orpheon/backend/internal/adapters/tokens/jwt/tokens.go:79.20,80.36 1 0
github.com/hahaclassic/orpheon/backend/internal/adapters/tokens/jwt/tokens.go:83.2,86.8 1 2
github.com/hahaclassic/orpheon/backend/internal/adapters/tokens/jwt/tokens.go:89.66,91.16 2 0
github.com/hahaclassic/orpheon/backend/internal/adapters/tokens/jwt/tokens.go:91.16,93.3 1 0
github.com/hahaclassic/orpheon/backend/internal/adapters/tokens/jwt/tokens.go:95.2,95.33 1 0
